tree_id,road_side,aspect,neighbourhood,height,bryo_cover,lichen_cover,species
70435,WR,North,kits,low,0,3,2
70435,WR,North,kits,med,0,20,1
70435,WR,North,kits,hig,22,2,2
70435,WR,East,kits,low,0,5,1
70435,WR,East,kits,med,7,12,3
70435,WR,East,kits,hig,25,0,1
70435,WR,South,kits,low,0,9,1
70435,WR,South,kits,med,2,3,2
70435,WR,South,kits,hig,25,0,1
70435,WR,West,kits,low,0,4,1
70435,WR,West,kits,med,0,4,2
70435,WR,West,kits,hig,2,0,1
70436,WR,North,kits,low,3,0,1
70436,WR,North,kits,med,7,3,2
70436,WR,North,kits,hig,15,2,3
70436,WR,East,kits,low,0,0,1
70436,WR,East,kits,med,25,0,1
70436,WR,East,kits,hig,25,0,1
70436,WR,South,kits,low,0,6,1
70436,WR,South,kits,med,0,23,1
70436,WR,South,kits,hig,0,20,1
70436,WR,West,kits,low,1,0,1
70436,WR,West,kits,med,0,1,1
70436,WR,West,kits,hig,0,3,1
71080,WR,North,kits,low,25,0,2
71080,WR,North,kits,med,10,2,3
71080,WR,North,kits,hig,25,0,2
71080,WR,East,kits,low,3,0,1
71080,WR,East,kits,med,4,5,2
71080,WR,East,kits,hig,19,0,1
71080,WR,South,kits,low,1,0,1
71080,WR,South,kits,med,2,4,2
71080,WR,South,kits,hig,18,4,3
71080,WR,West,kits,low,2,0,1
71080,WR,West,kits,med,4,0,1
71080,WR,West,kits,hig,20,4,3
93813,gone,North,kits,low,NA,NA,NA
93813,gone,North,kits,med,NA,NA,NA
93813,gone,North,kits,hig,NA,NA,NA
93813,gone,East,kits,low,NA,NA,NA
93813,gone,East,kits,med,NA,NA,NA
93813,gone,East,kits,hig,NA,NA,NA
93813,gone,South,kits,low,NA,NA,NA
93813,gone,South,kits,med,NA,NA,NA
93813,gone,South,kits,hig,NA,NA,NA
93813,gone,West,kits,low,NA,NA,NA
93813,gone,West,kits,med,NA,NA,NA
93813,gone,West,kits,hig,NA,NA,NA
122190,ER,North,kits,low,0,17,2
122190,ER,North,kits,med,0,25,3
122190,ER,North,kits,hig,1,25,4
122190,ER,East,kits,low,0,0,0
122190,ER,East,kits,med,0,17,1
122190,ER,East,kits,hig,0,22,2
122190,ER,South,kits,low,0,13,1
122190,ER,South,kits,med,0,25,1
122190,ER,South,kits,hig,0,25,1
122190,ER,West,kits,low,0,0,0
122190,ER,West,kits,med,0,7,1
122190,ER,West,kits,hig,0,6,1
122194,ER,North,kits,low,1,24,3
122194,ER,North,kits,med,2,25,3
122194,ER,North,kits,hig,22,6,3
122194,ER,East,kits,low,0,0,0
122194,ER,East,kits,med,0,5,2
122194,ER,East,kits,hig,0,7,2
122194,ER,South,kits,low,3,2,2
122194,ER,South,kits,med,0,25,1
122194,ER,South,kits,hig,0,25,2
122194,ER,West,kits,low,0,13,1
122194,ER,West,kits,med,0,25,2
122194,ER,West,kits,hig,0,25,2
122193,ER,North,kits,low,19,3,3
122193,ER,North,kits,med,0,3,2
122193,ER,North,kits,hig,0,0,0
122193,ER,East,kits,low,0,0,0
122193,ER,East,kits,med,0,0,0
122193,ER,East,kits,hig,0,0,0
122193,ER,South,kits,low,0,0,0
122193,ER,South,kits,med,0,5,1
122193,ER,South,kits,hig,0,13,1
122193,ER,West,kits,low,3,2,2
122193,ER,West,kits,med,0,0,0
122193,ER,West,kits,hig,0,6,1
122189,SR,North,kits,low,0,7,3
122189,SR,North,kits,med,3,16,3
122189,SR,North,kits,hig,5,18,3
122189,SR,East,kits,low,0,1,1
122189,SR,East,kits,med,0,25,2
122189,SR,East,kits,hig,1,6,2
122189,SR,South,kits,low,0,3,2
122189,SR,South,kits,med,0,13,2
122189,SR,South,kits,hig,0,1,1
122189,SR,West,kits,low,0,25,3
122189,SR,West,kits,med,2,20,4
122189,SR,West,kits,hig,5,25,4
122191,SR,North,kits,low,0,14,2
122191,SR,North,kits,med,0,3,1
122191,SR,North,kits,hig,0,0,0
122191,SR,East,kits,low,0,24,1
122191,SR,East,kits,med,0,2,1
122191,SR,East,kits,hig,0,7,2
122191,SR,South,kits,low,0,12,2
122191,SR,South,kits,med,0,0,0
122191,SR,South,kits,hig,0,3,1
122191,SR,West,kits,low,0,21,2
122191,SR,West,kits,med,0,5,1
122191,SR,West,kits,hig,0,25,2
134705,SR,North,kits,low,0,0,0
134705,SR,North,kits,med,8,0,1
134705,SR,North,kits,hig,25,2,2
134705,SR,East,kits,low,20,8,2
134705,SR,East,kits,med,22,4,3
134705,SR,East,kits,hig,11,16,3
134705,SR,South,kits,low,15,2,2
134705,SR,South,kits,med,10,4,3
134705,SR,South,kits,hig,20,5,2
134705,SR,West,kits,low,2,2,2
134705,SR,West,kits,med,12,0,1
134705,SR,West,kits,hig,23,2,2
70210,NR,North,kits,low,8,2,2
70210,NR,North,kits,med,14,0,1
70210,NR,North,kits,hig,5,0,1
70210,NR,East,kits,low,6,7,2
70210,NR,East,kits,med,13,9,2
70210,NR,East,kits,hig,7,3,2
70210,NR,South,kits,low,0,1,1
70210,NR,South,kits,med,9,3,2
70210,NR,South,kits,hig,4,14,3
70210,NR,West,kits,low,2,16,3
70210,NR,West,kits,med,25,3,3
70210,NR,West,kits,hig,11,8,3
70209,NR,North,kits,low,1,2,2
70209,NR,North,kits,med,16,0,1
70209,NR,North,kits,hig,12,13,3
70209,NR,East,kits,low,3,21,3
70209,NR,East,kits,med,4,7,3
70209,NR,East,kits,hig,0,13,1
70209,NR,South,kits,low,0,1,1
70209,NR,South,kits,med,7,25,3
70209,NR,South,kits,hig,0,20,2
70209,NR,West,kits,low,7,1,2
70209,NR,West,kits,med,25,5,4
70209,NR,West,kits,hig,6,4,3
121352,SR,North,kits,low,0,0,0
121352,SR,North,kits,med,0,0,0
121352,SR,North,kits,hig,0,0,0
121352,SR,East,kits,low,0,5,1
121352,SR,East,kits,med,0,0,0
121352,SR,East,kits,hig,0,3,1
121352,SR,South,kits,low,0,0,0
121352,SR,South,kits,med,0,1,1
121352,SR,South,kits,hig,0,0,0
121352,SR,West,kits,low,0,1,1
121352,SR,West,kits,med,2,0,1
121352,SR,West,kits,hig,0,2,1
121354,SR,North,kits,low,0,5,2
121354,SR,North,kits,med,0,17,3
121354,SR,North,kits,hig,5,6,3
121354,SR,East,kits,low,0,4,1
121354,SR,East,kits,med,0,6,2
121354,SR,East,kits,hig,0,9,1
121354,SR,South,kits,low,0,0,0
121354,SR,South,kits,med,0,3,1
121354,SR,South,kits,hig,0,18,3
121354,SR,West,kits,low,0,1,1
121354,SR,West,kits,med,0,0,0
121354,SR,West,kits,hig,0,3,1
543,NR,North,kits,low,0,0,0
543,NR,North,kits,med,0,0,0
543,NR,North,kits,hig,17,3,3
543,NR,East,kits,low,9,0,1
543,NR,East,kits,med,7,1,2
543,NR,East,kits,hig,12,4,2
543,NR,South,kits,low,0,0,0
543,NR,South,kits,med,0,5,2
543,NR,South,kits,hig,0,0,0
543,NR,West,kits,low,0,1,1
543,NR,West,kits,med,0,2,1
543,NR,West,kits,hig,0,1,1
2543,WR,North,kits,low,0,2,2
2543,WR,North,kits,med,0,1,1
2543,WR,North,kits,hig,0,0,0
2543,WR,East,kits,low,0,2,1
2543,WR,East,kits,med,0,0,0
2543,WR,East,kits,hig,0,1,1
2543,WR,South,kits,low,0,1,1
2543,WR,South,kits,med,0,1,1
2543,WR,South,kits,hig,0,0,0
2543,WR,West,kits,low,0,6,2
2543,WR,West,kits,med,0,1,1
2543,WR,West,kits,hig,0,3,2
262141,SR,North,kits,low,0,1,1
262141,SR,North,kits,med,0,0,0
262141,SR,North,kits,hig,0,9,2
262141,SR,East,kits,low,0,1,1
262141,SR,East,kits,med,0,1,1
262141,SR,East,kits,hig,0,1,1
262141,SR,South,kits,low,0,12,1
262141,SR,South,kits,med,0,6,1
262141,SR,South,kits,hig,0,11,1
262141,SR,West,kits,low,0,5,2
262141,SR,West,kits,med,0,5,1
262141,SR,West,kits,hig,0,22,1
127850,,North,kits,low,NA,NA,NA
127850,,North,kits,med,NA,NA,NA
127850,,North,kits,hig,NA,NA,NA
127850,,East,kits,low,NA,NA,NA
127850,,East,kits,med,NA,NA,NA
127850,,East,kits,hig,NA,NA,NA
127850,,South,kits,low,NA,NA,NA
127850,,South,kits,med,NA,NA,NA
127850,,South,kits,hig,NA,NA,NA
127850,,West,kits,low,NA,NA,NA
127850,,West,kits,med,NA,NA,NA
127850,,West,kits,hig,NA,NA,NA
118087,WR,North,kits,low,20,0,1
118087,WR,North,kits,med,6,0,1
118087,WR,North,kits,hig,0,0,0
118087,WR,East,kits,low,0,0,0
118087,WR,East,kits,med,25,0,1
118087,WR,East,kits,hig,25,2,3
118087,WR,South,kits,low,1,3,2
118087,WR,South,kits,med,1,25,4
118087,WR,South,kits,hig,0,10,1
118087,WR,West,kits,low,25,0,2
118087,WR,West,kits,med,0,0,0
118087,WR,West,kits,hig,0,0,0
8074,SR,North,kits,low,0,0,0
8074,SR,North,kits,med,0,12,1
8074,SR,North,kits,hig,0,18,1
8074,SR,East,kits,low,4,2,2
8074,SR,East,kits,med,1,1,2
8074,SR,East,kits,hig,0,0,0
8074,SR,South,kits,low,0,0,0
8074,SR,South,kits,med,3,5,3
8074,SR,South,kits,hig,0,0,0
8074,SR,West,kits,low,25,0,0
8074,SR,West,kits,med,25,11,2
8074,SR,West,kits,hig,12,0,1
192360,ER,North,kits,low,0,8,1
192360,ER,North,kits,med,0,1,1
192360,ER,North,kits,hig,0,3,2
192360,ER,East,kits,low,0,0,0
192360,ER,East,kits,med,0,1,1
192360,ER,East,kits,hig,0,0,0
192360,ER,South,kits,low,0,25,3
192360,ER,South,kits,med,0,16,3
192360,ER,South,kits,hig,0,0,0
192360,ER,West,kits,low,0,0,0
192360,ER,West,kits,med,0,0,0
192360,ER,West,kits,hig,0,0,0
202703,SR,North,kits,low,0,0,0
202703,SR,North,kits,med,0,0,0
202703,SR,North,kits,hig,0,0,0
202703,SR,East,kits,low,0,0,0
202703,SR,East,kits,med,1,0,1
202703,SR,East,kits,hig,0,0,0
202703,SR,South,kits,low,0,0,0
202703,SR,South,kits,med,0,0,0
202703,SR,South,kits,hig,0,0,0
202703,SR,West,kits,low,0,0,0
202703,SR,West,kits,med,0,0,0
202703,SR,West,kits,hig,0,0,0
71200,ER,North,kits,low,0,0,0
71200,ER,North,kits,med,25,0,1
71200,ER,North,kits,hig,15,1,2
71200,ER,East,kits,low,0,0,0
71200,ER,East,kits,med,25,2,2
71200,ER,East,kits,hig,25,2,2
71200,ER,South,kits,low,0,3,1
71200,ER,South,kits,med,3,25,2
71200,ER,South,kits,hig,7,5,3
71200,ER,West,kits,low,15,0,1
71200,ER,West,kits,med,25,0,1
71200,ER,West,kits,hig,0,25,1
189662,ER,North,kits,low,0,3,1
189662,ER,North,kits,med,0,0,0
189662,ER,North,kits,hig,0,3,1
189662,ER,East,kits,low,0,0,0
189662,ER,East,kits,med,0,4,1
189662,ER,East,kits,hig,0,4,1
189662,ER,South,kits,low,0,6,1
189662,ER,South,kits,med,0,5,2
189662,ER,South,kits,hig,0,11,2
189662,ER,West,kits,low,0,0,0
189662,ER,West,kits,med,0,1,1
189662,ER,West,kits,hig,0,0,0
189659,ER,North,kits,low,0,5,1
189659,ER,North,kits,med,0,1,1
189659,ER,North,kits,hig,4,0,1
189659,ER,East,kits,low,0,1,0
189659,ER,East,kits,med,0,0,0
189659,ER,East,kits,hig,0,0,0
189659,ER,South,kits,low,0,2,1
189659,ER,South,kits,med,0,0,0
189659,ER,South,kits,hig,0,0,0
189659,ER,West,kits,low,0,0,0
189659,ER,West,kits,med,0,0,0
189659,ER,West,kits,hig,0,4,2
13335,NR,North,kits,low,10,5,2
13335,NR,North,kits,med,0,7,1
13335,NR,North,kits,hig,9,3,2
13335,NR,East,kits,low,3,0,1
13335,NR,East,kits,med,4,0,1
13335,NR,East,kits,hig,0,0,0
13335,NR,South,kits,low,25,0,1
13335,NR,South,kits,med,20,5,3
13335,NR,South,kits,hig,25,0,1
13335,NR,West,kits,low,25,0,1
13335,NR,West,kits,med,10,2,2
13335,NR,West,kits,hig,11,4,2
56630,WR,North,kits,low,0,0,0
56630,WR,North,kits,med,0,0,0
56630,WR,North,kits,hig,0,0,0
56630,WR,East,kits,low,0,0,0
56630,WR,East,kits,med,0,0,0
56630,WR,East,kits,hig,0,0,0
56630,WR,South,kits,low,0,0,0
56630,WR,South,kits,med,0,0,0
56630,WR,South,kits,hig,0,0,0
56630,WR,West,kits,low,0,0,0
56630,WR,West,kits,med,0,0,0
56630,WR,West,kits,hig,0,0,0
56632,WR,North,kits,low,0,3,1
56632,WR,North,kits,med,0,0,0
56632,WR,North,kits,hig,0,2,1
56632,WR,East,kits,low,15,0,1
56632,WR,East,kits,med,0,0,0
56632,WR,East,kits,hig,0,0,0
56632,WR,South,kits,low,NA,NA,NA
56632,WR,South,kits,med,NA,NA,NA
56632,WR,South,kits,hig,NA,NA,NA
56632,WR,West,kits,low,0,0,0
56632,WR,West,kits,med,0,6,1
56632,WR,West,kits,hig,0,25,3
56633,WR,North,kits,low,0,0,0
56633,WR,North,kits,med,0,0,0
56633,WR,North,kits,hig,0,0,0
56633,WR,East,kits,low,6,0,1
56633,WR,East,kits,med,0,0,0
56633,WR,East,kits,hig,0,1,1
56633,WR,South,kits,low,0,1,1
56633,WR,South,kits,med,0,2,1
56633,WR,South,kits,hig,0,4,1
56633,WR,West,kits,low,0,0,0
56633,WR,West,kits,med,0,1,1
56633,WR,West,kits,hig,0,0,0
8086,NR,North,kits,low,6,0,1
8086,NR,North,kits,med,0,5,1
8086,NR,North,kits,hig,0,2,1
8086,NR,East,kits,low,0,0,0
8086,NR,East,kits,med,0,9,2
8086,NR,East,kits,hig,0,2,1
8086,NR,South,kits,low,0,0,0
8086,NR,South,kits,med,0,18,2
8086,NR,South,kits,hig,0,7,3
8086,NR,West,kits,low,0,0,0
8086,NR,West,kits,med,0,7,2
8086,NR,West,kits,hig,0,12,4
200413,Dead,North,kits,low,NA,NA,NA
200413,Dead,North,kits,med,NA,NA,NA
200413,Dead,North,kits,hig,NA,NA,NA
200413,Dead,East,kits,low,NA,NA,NA
200413,Dead,East,kits,med,NA,NA,NA
200413,Dead,East,kits,hig,NA,NA,NA
200413,Dead,South,kits,low,NA,NA,NA
200413,Dead,South,kits,med,NA,NA,NA
200413,Dead,South,kits,hig,NA,NA,NA
200413,Dead,West,kits,low,NA,NA,NA
200413,Dead,West,kits,med,NA,NA,NA
200413,Dead,West,kits,hig,NA,NA,NA
204474,WR,North,kits,low,0,0,0
204474,WR,North,kits,med,0,0,0
204474,WR,North,kits,hig,0,0,0
204474,WR,East,kits,low,0,0,0
204474,WR,East,kits,med,0,0,0
204474,WR,East,kits,hig,0,0,0
204474,WR,South,kits,low,0,5,2
204474,WR,South,kits,med,0,0,1
204474,WR,South,kits,hig,0,0,0
204474,WR,West,kits,low,0,0,0
204474,WR,West,kits,med,0,0,1
204474,WR,West,kits,hig,0,0,0
204478,WR,North,kits,low,0,1,1
204478,WR,North,kits,med,0,0,0
204478,WR,North,kits,hig,0,2,1
204478,WR,East,kits,low,0,0,0
204478,WR,East,kits,med,0,0,0
204478,WR,East,kits,hig,0,0,0
204478,WR,South,kits,low,0,1,1
204478,WR,South,kits,med,0,15,1
204478,WR,South,kits,hig,0,18,3
204478,WR,West,kits,low,0,0,1
204478,WR,West,kits,med,9,14,3
204478,WR,West,kits,hig,4,11,3
137253,SR,North,kits,low,0,3,1
137253,SR,North,kits,med,0,0,0
137253,SR,North,kits,hig,0,7,2
137253,SR,East,kits,low,0,14,1
137253,SR,East,kits,med,1,2,3
137253,SR,East,kits,hig,0,0,1
137253,SR,South,kits,low,7,7,2
137253,SR,South,kits,med,3,20,4
137253,SR,South,kits,hig,0,12,2
137253,SR,West,kits,low,1,9,2
137253,SR,West,kits,med,10,6,3
137253,SR,West,kits,hig,14,6,4
183816,Median,North,kits,low,0,2,1
183816,Median,North,kits,med,0,0,0
183816,Median,North,kits,hig,0,16,1
183816,Median,East,kits,low,0,0,0
183816,Median,East,kits,med,0,2,1
183816,Median,East,kits,hig,0,2,2
183816,Median,South,kits,low,0,11,1
183816,Median,South,kits,med,0,4,1
183816,Median,South,kits,hig,0,9,1
183816,Median,West,kits,low,0,0,0
183816,Median,West,kits,med,0,3,12
183816,Median,West,kits,hig,0,19,1
193497,ER,North,kits,low,0,5,2
193497,ER,North,kits,med,0,0,0
193497,ER,North,kits,hig,0,0,0
193497,ER,East,kits,low,0,0,0
193497,ER,East,kits,med,0,0,1
193497,ER,East,kits,hig,0,0,0
193497,ER,South,kits,low,0,0,0
193497,ER,South,kits,med,0,0,0
193497,ER,South,kits,hig,0,0,0
193497,ER,West,kits,low,0,0,0
193497,ER,West,kits,med,0,0,0
193497,ER,West,kits,hig,0,0,1
189656,ER,North,kits,low,0,0,0
189656,ER,North,kits,med,0,5,2
189656,ER,North,kits,hig,0,5,3
189656,ER,East,kits,low,0,6,2
189656,ER,East,kits,med,0,1,1
189656,ER,East,kits,hig,0,4,1
189656,ER,South,kits,low,0,0,0
189656,ER,South,kits,med,0,2,2
189656,ER,South,kits,hig,0,9,3
189656,ER,West,kits,low,0,0,0
189656,ER,West,kits,med,0,2,1
189656,ER,West,kits,hig,0,4,1
180095,WR,North,kits,low,2,0,2
180095,WR,North,kits,med,25,0,3
180095,WR,North,kits,hig,16,0,2
180095,WR,East,kits,low,0,0,0
180095,WR,East,kits,med,0,0,2
180095,WR,East,kits,hig,10,1,3
180095,WR,South,kits,low,2,0,2
180095,WR,South,kits,med,19,1,2
180095,WR,South,kits,hig,0,8,2
180095,WR,West,kits,low,1,2,3
180095,WR,West,kits,med,14,0,2
180095,WR,West,kits,hig,18,0,2
180092,WR,North,kits,low,2,0,1
180092,WR,North,kits,med,24,0,1
180092,WR,North,kits,hig,22,0,3
180092,WR,East,kits,low,0,0,0
180092,WR,East,kits,med,20,0,0
180092,WR,East,kits,hig,16,0,3
180092,WR,South,kits,low,0,1,1
180092,WR,South,kits,med,2,5,2
180092,WR,South,kits,hig,1,1,2
180092,WR,West,kits,low,17,0,3
180092,WR,West,kits,med,1,0,2
180092,WR,West,kits,hig,1,5,3
62130,SR,North,kits,low,0,0,0
62130,SR,North,kits,med,2,12,3
62130,SR,North,kits,hig,7,8,2
62130,SR,East,kits,low,4,21,2
62130,SR,East,kits,med,2,4,2
62130,SR,East,kits,hig,3,10,2
62130,SR,South,kits,low,7,11,2
62130,SR,South,kits,med,11,8,3
62130,SR,South,kits,hig,1,19,3
62130,SR,West,kits,low,0,11,1
62130,SR,West,kits,med,4,3,3
62130,SR,West,kits,hig,1,12,3
156731,SR,North,kits,low,0,0,0
156731,SR,North,kits,med,0,0,0
156731,SR,North,kits,hig,0,0,0
156731,SR,East,kits,low,1,17,2
156731,SR,East,kits,med,0,15,2
156731,SR,East,kits,hig,0,10,2
156731,SR,South,kits,low,16,1,3
156731,SR,South,kits,med,0,6,1
156731,SR,South,kits,hig,0,2,1
156731,SR,West,kits,low,10,18,3
156731,SR,West,kits,med,0,11,2
156731,SR,West,kits,hig,0,13,3
189687,ER,North,kits,low,0,0,0
189687,ER,North,kits,med,0,2,1
189687,ER,North,kits,hig,0,0,0
189687,ER,East,kits,low,0,0,0
189687,ER,East,kits,med,0,3,1
189687,ER,East,kits,hig,0,0,0
189687,ER,South,kits,low,0,0,0
189687,ER,South,kits,med,0,9,2
189687,ER,South,kits,hig,0,4,1
189687,ER,West,kits,low,0,0,0
189687,ER,West,kits,med,0,0,0
189687,ER,West,kits,hig,0,0,0
200738,ER,North,kits,low,0,0,0
200738,ER,North,kits,med,0,7,1
200738,ER,North,kits,hig,0,0,0
200738,ER,East,kits,low,0,0,0
200738,ER,East,kits,med,0,3,2
200738,ER,East,kits,hig,0,10,1
200738,ER,South,kits,low,0,11,1
200738,ER,South,kits,med,0,12,1
200738,ER,South,kits,hig,0,5,1
200738,ER,West,kits,low,0,1,1
200738,ER,West,kits,med,0,0,0
200738,ER,West,kits,hig,0,11,2
169711,SR,North,kits,low,0,25,1
169711,SR,North,kits,med,2,6,3
169711,SR,North,kits,hig,1,13,2
169711,SR,East,kits,low,0,20,2
169711,SR,East,kits,med,0,25,2
169711,SR,East,kits,hig,0,25,2
169711,SR,South,kits,low,2,12,3
169711,SR,South,kits,med,0,0,0
169711,SR,South,kits,hig,0,5,2
169711,SR,West,kits,low,0,19,2
169711,SR,West,kits,med,0,12,1
169711,SR,West,kits,hig,0,17,2
62449,SR,North,kits,low,0,0,0
62449,SR,North,kits,med,3,11,2
62449,SR,North,kits,hig,4,2,3
62449,SR,East,kits,low,0,0,0
62449,SR,East,kits,med,13,6,2
62449,SR,East,kits,hig,8,15,3
62449,SR,South,kits,low,0,25,2
62449,SR,South,kits,med,0,25,2
62449,SR,South,kits,hig,0,0,0
62449,SR,West,kits,low,0,0,0
62449,SR,West,kits,med,0,23,3
62449,SR,West,kits,hig,2,21,3
62456,SR,North,kits,low,0,4,2
62456,SR,North,kits,med,1,25,3
62456,SR,North,kits,hig,7,2,2
62456,SR,East,kits,low,25,0,1
62456,SR,East,kits,med,7,4,2
62456,SR,East,kits,hig,16,3,3
62456,SR,South,kits,low,2,10,2
62456,SR,South,kits,med,0,12,2
62456,SR,South,kits,hig,0,6,1
62456,SR,West,kits,low,0,5,1
62456,SR,West,kits,med,0,16,3
62456,SR,West,kits,hig,1,6,3
62457,SR,North,kits,low,0,8,1
62457,SR,North,kits,med,0,25,2
62457,SR,North,kits,hig,1,25,2
62457,SR,East,kits,low,6,5,3
62457,SR,East,kits,med,0,4,2
62457,SR,East,kits,hig,0,1,1
62457,SR,South,kits,low,2,12,3
62457,SR,South,kits,med,0,20,2
62457,SR,South,kits,hig,0,18,1
62457,SR,West,kits,low,0,0,0
62457,SR,West,kits,med,4,4,2
62457,SR,West,kits,hig,0,25,2
35066,WR,North,kits,low,0,0,0
35066,WR,North,kits,med,0,5,1
35066,WR,North,kits,hig,0,3,1
35066,WR,East,kits,low,0,11,1
35066,WR,East,kits,med,0,0,0
35066,WR,East,kits,hig,0,11,2
35066,WR,South,kits,low,0,5,1
35066,WR,South,kits,med,0,12,2
35066,WR,South,kits,hig,0,23,3
35066,WR,West,kits,low,0,3,1
35066,WR,West,kits,med,0,0,0
35066,WR,West,kits,hig,0,23,0
118430,SR,North,kits,low,5,23,3
118430,SR,North,kits,med,2,25,3
118430,SR,North,kits,hig,0,4,1
118430,SR,East,kits,low,0,0,0
118430,SR,East,kits,med,0,1,1
118430,SR,East,kits,hig,0,1,1
118430,SR,South,kits,low,8,5,3
118430,SR,South,kits,med,4,8,3
118430,SR,South,kits,hig,2,3,3
118430,SR,West,kits,low,0,0,0
118430,SR,West,kits,med,4,2,3
118430,SR,West,kits,hig,0,0,0
13704,SR,North,kits,low,20,0,0
13704,SR,North,kits,med,0,20,1
13704,SR,North,kits,hig,8,5,2
13704,SR,East,kits,low,2,0,1
13704,SR,East,kits,med,0,9,1
13704,SR,East,kits,hig,0,13,2
13704,SR,South,kits,low,0,0,0
13704,SR,South,kits,med,0,0,0
13704,SR,South,kits,hig,0,4,2
13704,SR,West,kits,low,0,16,1
13704,SR,West,kits,med,0,9,1
13704,SR,West,kits,hig,0,8,1
13681,SR,North,kits,low,0,0,0
13681,SR,North,kits,med,25,0,2
13681,SR,North,kits,hig,25,0,1
13681,SR,East,kits,low,1,8,3
13681,SR,East,kits,med,0,3,2
13681,SR,East,kits,hig,0,6,3
13681,SR,South,kits,low,0,0,0
13681,SR,South,kits,med,0,0,0
13681,SR,South,kits,hig,0,0,0
13681,SR,West,kits,low,25,0,1
13681,SR,West,kits,med,25,0,1
13681,SR,West,kits,hig,25,0,1
17764,SR,North,kits,low,0,0,0
17764,SR,North,kits,med,0,0,0
17764,SR,North,kits,hig,0,0,0
17764,SR,East,kits,low,0,20,1
17764,SR,East,kits,med,0,2,1
17764,SR,East,kits,hig,0,0,0
17764,SR,South,kits,low,0,0,0
17764,SR,South,kits,med,0,10,2
17764,SR,South,kits,hig,0,20,1
17764,SR,West,kits,low,0,0,0
17764,SR,West,kits,med,0,0,0
17764,SR,West,kits,hig,0,0,0
16456,SR,North,kits,low,2,6,2
16456,SR,North,kits,med,4,11,2
16456,SR,North,kits,hig,0,5,1
16456,SR,East,kits,low,22,0,1
16456,SR,East,kits,med,25,0,2
16456,SR,East,kits,hig,20,0,2
16456,SR,South,kits,low,11,1,2
16456,SR,South,kits,med,12,2,2
16456,SR,South,kits,hig,1,3,2
16456,SR,West,kits,low,20,0,2
16456,SR,West,kits,med,25,0,3
16456,SR,West,kits,hig,25,0,2
16454,NR,North,kits,low,23,0,2
16454,NR,North,kits,med,22,0,2
16454,NR,North,kits,hig,25,0,3
16454,NR,East,kits,low,24,0,1
16454,NR,East,kits,med,6,0,1
16454,NR,East,kits,hig,3,22,3
16454,NR,South,kits,low,6,0,1
16454,NR,South,kits,med,11,0,1
16454,NR,South,kits,hig,7,0,2
16454,NR,West,kits,low,25,0,2
16454,NR,West,kits,med,16,0,2
16454,NR,West,kits,hig,23,0,2
16452,NR,North,kits,low,25,0,1
16452,NR,North,kits,med,22,0,1
16452,NR,North,kits,hig,24,0,1
16452,NR,East,kits,low,25,0,2
16452,NR,East,kits,med,25,0,2
16452,NR,East,kits,hig,25,0,1
16452,NR,South,kits,low,0,4,1
16452,NR,South,kits,med,4,0,1
16452,NR,South,kits,hig,0,1,1
16452,NR,West,kits,low,25,0,3
16452,NR,West,kits,med,25,0,2
16452,NR,West,kits,hig,17,0,2
281345,Removed,North,kits,low,NA,NA,NA
281345,Removed,North,kits,med,NA,NA,NA
281345,Removed,North,kits,hig,NA,NA,NA
281345,Removed,East,kits,low,NA,NA,NA
281345,Removed,East,kits,med,NA,NA,NA
281345,Removed,East,kits,hig,NA,NA,NA
281345,Removed,South,kits,low,NA,NA,NA
281345,Removed,South,kits,med,NA,NA,NA
281345,Removed,South,kits,hig,NA,NA,NA
281345,Removed,West,kits,low,NA,NA,NA
281345,Removed,West,kits,med,NA,NA,NA
281345,Removed,West,kits,hig,NA,NA,NA
17716,SR,North,kits,low,0,0,0
17716,SR,North,kits,med,19,5,3
17716,SR,North,kits,hig,4,11,3
17716,SR,East,kits,low,0,25,3
17716,SR,East,kits,med,0,4,2
17716,SR,East,kits,hig,0,0,0
17716,SR,South,kits,low,0,0,0
17716,SR,South,kits,med,0,0,0
17716,SR,South,kits,hig,0,0,0
17716,SR,West,kits,low,0,0,0
17716,SR,West,kits,med,0,4,1
17716,SR,West,kits,hig,0,3,2
10956,Removed,North,kits,low,NA,NA,NA
10956,Removed,North,kits,med,NA,NA,NA
10956,Removed,North,kits,hig,NA,NA,NA
10956,Removed,East,kits,low,NA,NA,NA
10956,Removed,East,kits,med,NA,NA,NA
10956,Removed,East,kits,hig,NA,NA,NA
10956,Removed,South,kits,low,NA,NA,NA
10956,Removed,South,kits,med,NA,NA,NA
10956,Removed,South,kits,hig,NA,NA,NA
10956,Removed,West,kits,low,NA,NA,NA
10956,Removed,West,kits,med,NA,NA,NA
10956,Removed,West,kits,hig,NA,NA,NA
57985,WR,North,kits,low,3,1,2
57985,WR,North,kits,med,0,14,1
57985,WR,North,kits,hig,0,9,1
57985,WR,East,kits,low,0,4,1
57985,WR,East,kits,med,1,13,3
57985,WR,East,kits,hig,6,5,3
57985,WR,South,kits,low,0,0,0
57985,WR,South,kits,med,0,25,3
57985,WR,South,kits,hig,1,24,3
57985,WR,West,kits,low,17,5,3
57985,WR,West,kits,med,0,7,2
57985,WR,West,kits,hig,4,17,2
57989,WR,North,kits,low,0,0,0
57989,WR,North,kits,med,14,3,2
57989,WR,North,kits,hig,4,10,3
57989,WR,East,kits,low,0,2,1
57989,WR,East,kits,med,5,6,2
57989,WR,East,kits,hig,1,25,3
57989,WR,South,kits,low,0,0,0
57989,WR,South,kits,med,0,0,0
57989,WR,South,kits,hig,0,6,1
57989,WR,West,kits,low,0,0,0
57989,WR,West,kits,med,0,25,3
57989,WR,West,kits,hig,0,25,3
13519,SR,North,kits,low,16,5,2
13519,SR,North,kits,med,22,0,1
13519,SR,North,kits,hig,23,1,2
13519,SR,East,kits,low,0,1,1
13519,SR,East,kits,med,0,12,2
13519,SR,East,kits,hig,0,4,1
13519,SR,South,kits,low,0,0,0
13519,SR,South,kits,med,0,3,1
13519,SR,South,kits,hig,0,5,2
13519,SR,West,kits,low,0,2,2
13519,SR,West,kits,med,0,6,1
13519,SR,West,kits,hig,0,3,1
13521,SR,North,kits,low,16,3,2
13521,SR,North,kits,med,0,7,2
13521,SR,North,kits,hig,0,0,0
13521,SR,East,kits,low,23,0,1
13521,SR,East,kits,med,4,15,3
13521,SR,East,kits,hig,4,12,2
13521,SR,South,kits,low,3,16,3
13521,SR,South,kits,med,8,6,4
13521,SR,South,kits,hig,8,6,3
13521,SR,West,kits,low,15,2,2
13521,SR,West,kits,med,1,5,2
13521,SR,West,kits,hig,0,25,1
13524,SR,North,kits,low,4,6,2
13524,SR,North,kits,med,2,14,3
13524,SR,North,kits,hig,1,7,2
13524,SR,East,kits,low,0,0,0
13524,SR,East,kits,med,0,0,0
13524,SR,East,kits,hig,0,0,0
13524,SR,South,kits,low,0,15,1
13524,SR,South,kits,med,0,4,1
13524,SR,South,kits,hig,0,5,1
13524,SR,West,kits,low,2,4,3
13524,SR,West,kits,med,3,0,2
13524,SR,West,kits,hig,5,7,2
16295,SR,North,kits,low,22,0,2
16295,SR,North,kits,med,25,0,3
16295,SR,North,kits,hig,25,0,1
16295,SR,East,kits,low,14,0,1
16295,SR,East,kits,med,25,0,1
16295,SR,East,kits,hig,23,0,1
16295,SR,South,kits,low,0,4,1
16295,SR,South,kits,med,0,6,1
16295,SR,South,kits,hig,0,0,0
16295,SR,West,kits,low,20,0,1
16295,SR,West,kits,med,6,10,3
16295,SR,West,kits,hig,0,25,1
16294,NR,North,kits,low,22,0,2
16294,NR,North,kits,med,25,0,1
16294,NR,North,kits,hig,25,0,1
16294,NR,East,kits,low,0,4,1
16294,NR,East,kits,med,11,7,2
16294,NR,East,kits,hig,0,8,1
16294,NR,South,kits,low,0,0,0
16294,NR,South,kits,med,7,1,2
16294,NR,South,kits,hig,4,5,2
16294,NR,West,kits,low,24,0,4
16294,NR,West,kits,med,21,0,3
16294,NR,West,kits,hig,22,0,3
82593,WR,North,kits,low,17,0,1
82593,WR,North,kits,med,8,16,3
82593,WR,North,kits,hig,11,12,3
82593,WR,East,kits,low,22,0,1
82593,WR,East,kits,med,6,7,2
82593,WR,East,kits,hig,3,6,3
82593,WR,South,kits,low,1,5,2
82593,WR,South,kits,med,6,16,4
82593,WR,South,kits,hig,0,23,1
82593,WR,West,kits,low,0,0,0
82593,WR,West,kits,med,0,0,0
82593,WR,West,kits,hig,0,17,1
82393,WR,North,kits,low,3,8,2
82393,WR,North,kits,med,3,11,3
82393,WR,North,kits,hig,0,12,1
82393,WR,East,kits,low,0,8,1
82393,WR,East,kits,med,0,9,1
82393,WR,East,kits,hig,0,0,0
82393,WR,South,kits,low,4,0,1
82393,WR,South,kits,med,0,0,0
82393,WR,South,kits,hig,0,2,1
82393,WR,West,kits,low,0,0,0
82393,WR,West,kits,med,0,12,2
82393,WR,West,kits,hig,0,2,2
230546,WR,North,kits,low,0,0,0
230546,WR,North,kits,med,0,0,0
230546,WR,North,kits,hig,0,3,1
230546,WR,East,kits,low,0,5,1
230546,WR,East,kits,med,0,12,2
230546,WR,East,kits,hig,0,25,2
230546,WR,South,kits,low,0,0,0
230546,WR,South,kits,med,1,25,3
230546,WR,South,kits,hig,4,25,3
230546,WR,West,kits,low,0,0,0
230546,WR,West,kits,med,0,12,1
230546,WR,West,kits,hig,0,20,2
5494,NR,North,kits,low,25,0,3
5494,NR,North,kits,med,25,0,2
5494,NR,North,kits,hig,25,1,2
5494,NR,East,kits,low,13,0,2
5494,NR,East,kits,med,11,7,5
5494,NR,East,kits,hig,25,2,4
5494,NR,South,kits,low,0,16,3
5494,NR,South,kits,med,0,15,3
5494,NR,South,kits,hig,0,1,1
5494,NR,West,kits,low,20,0,2
5494,NR,West,kits,med,25,0,1
5494,NR,West,kits,hig,25,0,2
118310,WR,North,kits,low,0,2,1
118310,WR,North,kits,med,12,12,3
118310,WR,North,kits,hig,16,11,2
118310,WR,East,kits,low,0,12,3
118310,WR,East,kits,med,0,14,2
118310,WR,East,kits,hig,0,0,0
118310,WR,South,kits,low,0,15,1
118310,WR,South,kits,med,4,20,4
118310,WR,South,kits,hig,14,15,3
118310,WR,West,kits,low,1,9,2
118310,WR,West,kits,med,0,0,0
118310,WR,West,kits,hig,0,2,1
180817,NR,North,kits,low,0,0,0
180817,NR,North,kits,med,0,5,1
180817,NR,North,kits,hig,0,10,1
180817,NR,East,kits,low,0,0,0
180817,NR,East,kits,med,0,0,0
180817,NR,East,kits,hig,1,2,2
180817,NR,South,kits,low,0,0,0
180817,NR,South,kits,med,0,0,0
180817,NR,South,kits,hig,0,0,0
180817,NR,West,kits,low,0,0,0
180817,NR,West,kits,med,0,6,1
180817,NR,West,kits,hig,2,0,1
193407,NR,North,kits,low,0,0,0
193407,NR,North,kits,med,0,0,0
193407,NR,North,kits,hig,0,3,1
193407,NR,East,kits,low,0,0,0
193407,NR,East,kits,med,0,0,0
193407,NR,East,kits,hig,0,0,0
193407,NR,South,kits,low,0,0,0
193407,NR,South,kits,med,0,0,0
193407,NR,South,kits,hig,0,0,0
193407,NR,West,kits,low,0,0,0
193407,NR,West,kits,med,0,0,0
193407,NR,West,kits,hig,0,0,0
3481,NR,North,kits,low,0,2,1
3481,NR,North,kits,med,0,10,3
3481,NR,North,kits,hig,7,10,3
3481,NR,East,kits,low,0,0,0
3481,NR,East,kits,med,0,20,2
3481,NR,East,kits,hig,0,9,2
3481,NR,South,kits,low,0,0,0
3481,NR,South,kits,med,0,7,1
3481,NR,South,kits,hig,0,9,2
3481,NR,West,kits,low,0,0,0
3481,NR,West,kits,med,0,0,0
3481,NR,West,kits,hig,0,1,1
3480,NR,North,kits,low,0,0,0
3480,NR,North,kits,med,0,0,0
3480,NR,North,kits,hig,0,5,1
3480,NR,East,kits,low,0,0,0
3480,NR,East,kits,med,0,0,0
3480,NR,East,kits,hig,0,0,0
3480,NR,South,kits,low,0,0,0
3480,NR,South,kits,med,0,0,0
3480,NR,South,kits,hig,0,2,1
3480,NR,West,kits,low,0,0,0
3480,NR,West,kits,med,0,1,1
3480,NR,West,kits,hig,0,6,1
3479,NR,North,kits,low,0,0,0
3479,NR,North,kits,med,0,0,0
3479,NR,North,kits,hig,0,0,0
3479,NR,East,kits,low,0,0,0
3479,NR,East,kits,med,0,0,0
3479,NR,East,kits,hig,0,0,0
3479,NR,South,kits,low,0,0,0
3479,NR,South,kits,med,0,0,0
3479,NR,South,kits,hig,0,3,1
3479,NR,West,kits,low,0,0,0
3479,NR,West,kits,med,0,0,0
3479,NR,West,kits,hig,0,3,2
3469,NR,North,kits,low,0,0,0
3469,NR,North,kits,med,0,0,0
3469,NR,North,kits,hig,0,0,0
3469,NR,East,kits,low,0,0,0
3469,NR,East,kits,med,0,0,0
3469,NR,East,kits,hig,0,0,0
3469,NR,South,kits,low,0,0,0
3469,NR,South,kits,med,0,0,0
3469,NR,South,kits,hig,0,2,1
3469,NR,West,kits,low,0,0,0
3469,NR,West,kits,med,0,0,0
3469,NR,West,kits,hig,0,0,0
3465,NR,North,kits,low,0,0,0
3465,NR,North,kits,med,0,0,0
3465,NR,North,kits,hig,0,0,0
3465,NR,East,kits,low,0,0,0
3465,NR,East,kits,med,0,0,0
3465,NR,East,kits,hig,0,0,0
3465,NR,South,kits,low,0,0,0
3465,NR,South,kits,med,0,0,0
3465,NR,South,kits,hig,0,0,0
3465,NR,West,kits,low,0,0,0
3465,NR,West,kits,med,0,0,0
3465,NR,West,kits,hig,0,0,0
168210,SR,North,kits,low,0,0,0
168210,SR,North,kits,med,4,0,2
168210,SR,North,kits,hig,0,5,1
168210,SR,East,kits,low,0,6,1
168210,SR,East,kits,med,0,8,2
168210,SR,East,kits,hig,12,9,3
168210,SR,South,kits,low,0,7,2
168210,SR,South,kits,med,0,0,2
168210,SR,South,kits,hig,8,12,4
168210,SR,West,kits,low,0,0,2
168210,SR,West,kits,med,0,8,2
168210,SR,West,kits,hig,0,6,2
193410,SR,North,kits,low,0,0,1
193410,SR,North,kits,med,0,0,0
193410,SR,North,kits,hig,0,7,3
193410,SR,East,kits,low,0,0,1
193410,SR,East,kits,med,0,10,1
193410,SR,East,kits,hig,0,16,2
193410,SR,South,kits,low,2,23,3
193410,SR,South,kits,med,0,17,3
193410,SR,South,kits,hig,0,11,2
193410,SR,West,kits,low,0,1,1
193410,SR,West,kits,med,0,4,2
193410,SR,West,kits,hig,0,5,1
168207,SR,North,kits,low,0,0,0
168207,SR,North,kits,med,0,0,1
168207,SR,North,kits,hig,12,9,3
168207,SR,East,kits,low,0,2,1
168207,SR,East,kits,med,0,6,2
168207,SR,East,kits,hig,6,3,3
168207,SR,South,kits,low,0,20,3
168207,SR,South,kits,med,0,8,2
168207,SR,South,kits,hig,3,10,3
168207,SR,West,kits,low,0,0,1
168207,SR,West,kits,med,0,15,3
168207,SR,West,kits,hig,1,22,3
124758,cut down,North,kits,low,NA,NA,NA
124758,cut down,North,kits,med,NA,NA,NA
124758,cut down,North,kits,hig,NA,NA,NA
124758,cut down,East,kits,low,NA,NA,NA
124758,cut down,East,kits,med,NA,NA,NA
124758,cut down,East,kits,hig,NA,NA,NA
124758,cut down,South,kits,low,NA,NA,NA
124758,cut down,South,kits,med,NA,NA,NA
124758,cut down,South,kits,hig,NA,NA,NA
124758,cut down,West,kits,low,NA,NA,NA
124758,cut down,West,kits,med,NA,NA,NA
124758,cut down,West,kits,hig,NA,NA,NA
183634,NR,North,kits,low,18,0,1
183634,NR,North,kits,med,0,25,3
183634,NR,North,kits,hig,0,23,4
183634,NR,East,kits,low,0,8,2
183634,NR,East,kits,med,0,25,2
183634,NR,East,kits,hig,0,23,3
183634,NR,South,kits,low,0,0,0
183634,NR,South,kits,med,0,14,3
183634,NR,South,kits,hig,0,6,1
183634,NR,West,kits,low,3,18,2
183634,NR,West,kits,med,0,25,3
183634,NR,West,kits,hig,0,25,3
183633,cut down,North,kits,low,NA,NA,NA
183633,cut down,North,kits,med,NA,NA,NA
183633,cut down,North,kits,hig,NA,NA,NA
183633,cut down,East,kits,low,NA,NA,NA
183633,cut down,East,kits,med,NA,NA,NA
183633,cut down,East,kits,hig,NA,NA,NA
183633,cut down,South,kits,low,NA,NA,NA
183633,cut down,South,kits,med,NA,NA,NA
183633,cut down,South,kits,hig,NA,NA,NA
183633,cut down,West,kits,low,NA,NA,NA
183633,cut down,West,kits,med,NA,NA,NA
183633,cut down,West,kits,hig,NA,NA,NA
183632,NR,North,kits,low,0,0,0
183632,NR,North,kits,med,0,20,3
183632,NR,North,kits,hig,0,19,2
183632,NR,East,kits,low,0,4,1
183632,NR,East,kits,med,0,10,2
183632,NR,East,kits,hig,0,14,2
183632,NR,South,kits,low,0,4,1
183632,NR,South,kits,med,0,8,2
183632,NR,South,kits,hig,0,6,1
183632,NR,West,kits,low,0,15,2
183632,NR,West,kits,med,1,0,3
183632,NR,West,kits,hig,0,16,2
183631,NR,North,kits,low,2,0,1
183631,NR,North,kits,med,0,0,0
183631,NR,North,kits,hig,0,25,3
183631,NR,East,kits,low,0,22,3
183631,NR,East,kits,med,0,25,4
183631,NR,East,kits,hig,0,23,4
183631,NR,South,kits,low,0,0,1
183631,NR,South,kits,med,0,0,2
183631,NR,South,kits,hig,0,3,1
183631,NR,West,kits,low,7,2,3
183631,NR,West,kits,med,0,14,2
183631,NR,West,kits,hig,1,12,4
183630,NR,North,kits,low,1,3,2
183630,NR,North,kits,med,0,2,1
183630,NR,North,kits,hig,0,6,2
183630,NR,East,kits,low,0,0,1
183630,NR,East,kits,med,0,0,0
183630,NR,East,kits,hig,0,0,2
183630,NR,South,kits,low,0,0,0
183630,NR,South,kits,med,0,3,1
183630,NR,South,kits,hig,0,3,1
183630,NR,West,kits,low,0,0,1
183630,NR,West,kits,med,0,2,1
183630,NR,West,kits,hig,0,12,1
183629,cut down,North,kits,low,NA,NA,NA
183629,cut down,North,kits,med,NA,NA,NA
183629,cut down,North,kits,hig,NA,NA,NA
183629,cut down,East,kits,low,NA,NA,NA
183629,cut down,East,kits,med,NA,NA,NA
183629,cut down,East,kits,hig,NA,NA,NA
183629,cut down,South,kits,low,NA,NA,NA
183629,cut down,South,kits,med,NA,NA,NA
183629,cut down,South,kits,hig,NA,NA,NA
183629,cut down,West,kits,low,NA,NA,NA
183629,cut down,West,kits,med,NA,NA,NA
183629,cut down,West,kits,hig,NA,NA,NA
183628,NR,North,kits,low,7,0,1
183628,NR,North,kits,med,0,7,1
183628,NR,North,kits,hig,0,10,2
183628,NR,East,kits,low,0,0,0
183628,NR,East,kits,med,6,2,3
183628,NR,East,kits,hig,0,7,3
183628,NR,South,kits,low,0,0,0
183628,NR,South,kits,med,0,6,3
183628,NR,South,kits,hig,0,6,3
183628,NR,West,kits,low,7,17,3
183628,NR,West,kits,med,2,24,4
183628,NR,West,kits,hig,3,20,5
137885,ivy covered? someone's property?,North,kits,low,NA,NA,NA
137885,ivy covered? someone's property?,North,kits,med,NA,NA,NA
137885,ivy covered? someone's property?,North,kits,hig,NA,NA,NA
137885,ivy covered? someone's property?,East,kits,low,NA,NA,NA
137885,ivy covered? someone's property?,East,kits,med,NA,NA,NA
137885,ivy covered? someone's property?,East,kits,hig,NA,NA,NA
137885,ivy covered? someone's property?,South,kits,low,NA,NA,NA
137885,ivy covered? someone's property?,South,kits,med,NA,NA,NA
137885,ivy covered? someone's property?,South,kits,hig,NA,NA,NA
137885,ivy covered? someone's property?,West,kits,low,NA,NA,NA
137885,ivy covered? someone's property?,West,kits,med,NA,NA,NA
137885,ivy covered? someone's property?,West,kits,hig,NA,NA,NA
13515,NR,North,kits,low,1,9,3
13515,NR,North,kits,med,0,22,3
13515,NR,North,kits,hig,0,25,2
13515,NR,East,kits,low,25,1,2
13515,NR,East,kits,med,8,3,2
13515,NR,East,kits,hig,0,9,2
13515,NR,South,kits,low,13,9,3
13515,NR,South,kits,med,13,4,2
13515,NR,South,kits,hig,6,13,3
13515,NR,West,kits,low,0,9,2
13515,NR,West,kits,med,1,18,3
13515,NR,West,kits,hig,0,10,2
113227,SR ,North,kits,low,4,5,2
113227,SR ,North,kits,med,2,18,3
113227,SR ,North,kits,hig,0,4,1
113227,SR ,East,kits,low,12,0,1
113227,SR ,East,kits,med,1,2,2
113227,SR ,East,kits,hig,0,3,1
113227,SR ,South,kits,low,0,0,0
113227,SR ,South,kits,med,0,3,1
113227,SR ,South,kits,hig,0,5,1
113227,SR ,West,kits,low,0,15,3
113227,SR ,West,kits,med,1,20,2
113227,SR ,West,kits,hig,1,22,2
13503,SR,North,kits,low,15,0,1
13503,SR,North,kits,med,25,0,1
13503,SR,North,kits,hig,25,0,1
13503,SR,East,kits,low,12,0,1
13503,SR,East,kits,med,25,0,2
13503,SR,East,kits,hig,25,0,2
13503,SR,South,kits,low,0,0,0
13503,SR,South,kits,med,0,0,1
13503,SR,South,kits,hig,0,0,1
13503,SR,West,kits,low,11,0,1
13503,SR,West,kits,med,17,0,3
13503,SR,West,kits,hig,25,1,2
188582,ER,North,kits,low,0,13,2
188582,ER,North,kits,med,0,4,2
188582,ER,North,kits,hig,0,9,2
188582,ER,East,kits,low,0,10,2
188582,ER,East,kits,med,0,2,2
188582,ER,East,kits,hig,0,4,2
188582,ER,South,kits,low,0,14,2
188582,ER,South,kits,med,0,15,3
188582,ER,South,kits,hig,0,18,3
188582,ER,West,kits,low,0,14,3
188582,ER,West,kits,med,0,12,2
188582,ER,West,kits,hig,0,3,2
17381,SR,North,kits,low,0,6,2
17381,SR,North,kits,med,0,9,2
17381,SR,North,kits,hig,0,22,2
17381,SR,East,kits,low,0,22,1
17381,SR,East,kits,med,0,6,1
17381,SR,East,kits,hig,0,0,0
17381,SR,South,kits,low,22,0,1
17381,SR,South,kits,med,0,2,2
17381,SR,South,kits,hig,0,16,2
17381,SR,West,kits,low,0,25,1
17381,SR,West,kits,med,0,17,3
17381,SR,West,kits,hig,0,8,2
176928,WR,North,kits,low,3,5,2
176928,WR,North,kits,med,0,22,1
176928,WR,North,kits,hig,0,21,2
176928,WR,East,kits,low,0,5,1
176928,WR,East,kits,med,0,9,3
176928,WR,East,kits,hig,2,7,4
176928,WR,South,kits,low,2,5,4
176928,WR,South,kits,med,1,7,3
176928,WR,South,kits,hig,3,16,3
176928,WR,West,kits,low,0,16,2
176928,WR,West,kits,med,0,20,2
176928,WR,West,kits,hig,5,25,3
14793,NR,North,kits,low,19,1,3
14793,NR,North,kits,med,0,2,2
14793,NR,North,kits,hig,0,6,3
14793,NR,East,kits,low,1,0,1
14793,NR,East,kits,med,23,0,3
14793,NR,East,kits,hig,25,0,2
14793,NR,South,kits,low,9,0,1
14793,NR,South,kits,med,14,5,3
14793,NR,South,kits,hig,8,0,2
14793,NR,West,kits,low,13,3,3
14793,NR,West,kits,med,1,22,4
14793,NR,West,kits,hig,1,13,3
14801,NR,North,kits,low,2,8,3
14801,NR,North,kits,med,3,13,3
14801,NR,North,kits,hig,7,14,2
14801,NR,East,kits,low,0,9,2
14801,NR,East,kits,med,0,18,2
14801,NR,East,kits,hig,0,4,2
14801,NR,South,kits,low,0,1,2
14801,NR,South,kits,med,8,12,4
14801,NR,South,kits,hig,0,25,4
14801,NR,West,kits,low,0,17,3
14801,NR,West,kits,med,0,25,3
14801,NR,West,kits,hig,0,17,3
13387,SR,North,kits,low,25,0,2
13387,SR,North,kits,med,25,0,2
13387,SR,North,kits,hig,25,0,2
13387,SR,East,kits,low,25,0,2
13387,SR,East,kits,med,24,0,2
13387,SR,East,kits,hig,25,0,2
13387,SR,South,kits,low,25,0,2
13387,SR,South,kits,med,1,1,2
13387,SR,South,kits,hig,2,0,2
13387,SR,West,kits,low,10,0,1
13387,SR,West,kits,med,25,0,2
13387,SR,West,kits,hig,25,0,2
199386,WR,North,kits,low,1,0,1
199386,WR,North,kits,med,20,3,4
199386,WR,North,kits,hig,0,25,3
199386,WR,East,kits,low,0,0,0
199386,WR,East,kits,med,0,1,1
199386,WR,East,kits,hig,0,6,2
199386,WR,South,kits,low,2,4,3
199386,WR,South,kits,med,0,25,3
199386,WR,South,kits,hig,7,19,4
199386,WR,West,kits,low,18,0,2
199386,WR,West,kits,med,0,25,2
199386,WR,West,kits,hig,0,24,3
16208,NR,North,kits,low,24,0,1
16208,NR,North,kits,med,0,0,0
16208,NR,North,kits,hig,2,6,3
16208,NR,East,kits,low,0,13,1
16208,NR,East,kits,med,24,1,3
16208,NR,East,kits,hig,4,0,1
16208,NR,South,kits,low,0,0,0
16208,NR,South,kits,med,2,3,2
16208,NR,South,kits,hig,1,0,1
16208,NR,West,kits,low,0,12,1
16208,NR,West,kits,med,0,0,0
16208,NR,West,kits,hig,0,0,0
9817,NR,North,kits,low,0,1,1
9817,NR,North,kits,med,0,19,2
9817,NR,North,kits,hig,4,17,3
9817,NR,East,kits,low,0,2,1
9817,NR,East,kits,med,0,18,2
9817,NR,East,kits,hig,11,6,2
9817,NR,South,kits,low,0,0,0
9817,NR,South,kits,med,0,0,0
9817,NR,South,kits,hig,0,2,1
9817,NR,West,kits,low,0,0,0
9817,NR,West,kits,med,12,16,2
9817,NR,West,kits,hig,25,0,2
10851,SR,North,kits,low,1,0,1
10851,SR,North,kits,med,21,1,3
10851,SR,North,kits,hig,1,5,4
10851,SR,East,kits,low,0,0,0
10851,SR,East,kits,med,0,0,0
10851,SR,East,kits,hig,0,11,2
10851,SR,South,kits,low,0,11,1
10851,SR,South,kits,med,1,18,2
10851,SR,South,kits,hig,0,1,1
10851,SR,West,kits,low,18,0,2
10851,SR,West,kits,med,25,0,1
10851,SR,West,kits,hig,0,5,2
62171,ER,North,kits,low,18,1,2
62171,ER,North,kits,med,23,0,2
62171,ER,North,kits,hig,21,0,2
62171,ER,East,kits,low,25,0,2
62171,ER,East,kits,med,25,0,2
62171,ER,East,kits,hig,11,1,3
62171,ER,South,kits,low,0,1,1
62171,ER,South,kits,med,1,0,1
62171,ER,South,kits,hig,3,3,2
62171,ER,West,kits,low,0,0,0
62171,ER,West,kits,med,4,3,2
62171,ER,West,kits,hig,11,9,2
114203,ER,North,kits,low,18,0,1
114203,ER,North,kits,med,25,0,1
114203,ER,North,kits,hig,25,0,2
114203,ER,East,kits,low,2,1,2
114203,ER,East,kits,med,7,0,1
114203,ER,East,kits,hig,5,3,2
114203,ER,South,kits,low,5,0,1
114203,ER,South,kits,med,7,3,2
114203,ER,South,kits,hig,10,0,1
114203,ER,West,kits,low,9,0,1
114203,ER,West,kits,med,21,0,3
114203,ER,West,kits,hig,19,0,2
114195,WR,North,kits,low,23,1,2
114195,WR,North,kits,med,25,1,2
114195,WR,North,kits,hig,24,2,2
114195,WR,East,kits,low,1,0,1
114195,WR,East,kits,med,2,2,2
114195,WR,East,kits,hig,10,3,3
114195,WR,South,kits,low,0,1,1
114195,WR,South,kits,med,0,0,0
114195,WR,South,kits,hig,2,0,1
114195,WR,West,kits,low,0,2,2
114195,WR,West,kits,med,0,5,2
114195,WR,West,kits,hig,2,0,1
162968,SR,North,kits,low,0,5,1
162968,SR,North,kits,med,1,16,3
162968,SR,North,kits,hig,0,4,1
162968,SR,East,kits,low,0,0,0
162968,SR,East,kits,med,0,0,0
162968,SR,East,kits,hig,0,22,2
162968,SR,South,kits,low,0,15,2
162968,SR,South,kits,med,0,25,4
162968,SR,South,kits,hig,0,23,4
162968,SR,West,kits,low,0,0,0
162968,SR,West,kits,med,0,12,2
162968,SR,West,kits,hig,3,2,2
26121,SR,North,kits,low,0,0,0
26121,SR,North,kits,med,0,0,0
26121,SR,North,kits,hig,1,0,1
26121,SR,East,kits,low,0,0,0
26121,SR,East,kits,med,0,0,0
26121,SR,East,kits,hig,6,0,1
26121,SR,South,kits,low,0,0,0
26121,SR,South,kits,med,0,0,0
26121,SR,South,kits,hig,0,0,0
26121,SR,West,kits,low,0,0,0
26121,SR,West,kits,med,0,9,1
26121,SR,West,kits,hig,0,0,0
22920,SR,North,kits,low,0,0,0
22920,SR,North,kits,med,0,0,0
22920,SR,North,kits,hig,2,0,1
22920,SR,East,kits,low,0,0,0
22920,SR,East,kits,med,0,0,0
22920,SR,East,kits,hig,1,0,1
22920,SR,South,kits,low,0,0,0
22920,SR,South,kits,med,0,0,0
22920,SR,South,kits,hig,0,0,0
22920,SR,West,kits,low,0,0,0
22920,SR,West,kits,med,0,0,0
22920,SR,West,kits,hig,0,0,0
23272,SR,North,kits,low,0,0,0
23272,SR,North,kits,med,1,0,1
23272,SR,North,kits,hig,0,0,0
23272,SR,East,kits,low,0,0,0
23272,SR,East,kits,med,0,0,0
23272,SR,East,kits,hig,0,0,0
23272,SR,South,kits,low,0,0,0
23272,SR,South,kits,med,0,0,0
23272,SR,South,kits,hig,0,0,0
23272,SR,West,kits,low,0,0,0
23272,SR,West,kits,med,0,0,0
23272,SR,West,kits,hig,0,0,0
24977,SR,North,kits,low,0,0,0
24977,SR,North,kits,med,0,0,0
24977,SR,North,kits,hig,14,0,2
24977,SR,East,kits,low,0,0,0
24977,SR,East,kits,med,0,0,0
24977,SR,East,kits,hig,0,2,1
24977,SR,South,kits,low,0,0,0
24977,SR,South,kits,med,0,0,0
24977,SR,South,kits,hig,0,0,0
24977,SR,West,kits,low,0,0,0
24977,SR,West,kits,med,0,0,0
24977,SR,West,kits,hig,0,0,0
25310,SR,North,kits,low,0,0,0
25310,SR,North,kits,med,0,0,0
25310,SR,North,kits,hig,0,0,0
25310,SR,East,kits,low,0,0,0
25310,SR,East,kits,med,0,0,0
25310,SR,East,kits,hig,5,0,1
25310,SR,South,kits,low,0,0,0
25310,SR,South,kits,med,0,0,0
25310,SR,South,kits,hig,1,0,1
25310,SR,West,kits,low,0,0,0
25310,SR,West,kits,med,0,0,0
25310,SR,West,kits,hig,13,0,1
13340,SR,North,kits,low,0,0,0
13340,SR,North,kits,med,0,0,0
13340,SR,North,kits,hig,15,0,1
13340,SR,East,kits,low,0,0,0
13340,SR,East,kits,med,0,0,0
13340,SR,East,kits,hig,1,0,1
13340,SR,South,kits,low,0,0,0
13340,SR,South,kits,med,0,0,0
13340,SR,South,kits,hig,0,1,2
13340,SR,West,kits,low,0,0,0
13340,SR,West,kits,med,0,0,0
13340,SR,West,kits,hig,0,0,0
15739,SR,North,kits,low,0,0,0
15739,SR,North,kits,med,0,0,0
15739,SR,North,kits,hig,0,0,0
15739,SR,East,kits,low,0,0,0
15739,SR,East,kits,med,12,0,1
15739,SR,East,kits,hig,0,0,0
15739,SR,South,kits,low,0,0,0
15739,SR,South,kits,med,0,0,0
15739,SR,South,kits,hig,0,0,0
15739,SR,West,kits,low,0,0,0
15739,SR,West,kits,med,0,0,0
15739,SR,West,kits,hig,0,0,0
16706,SR,North,kits,low,0,0,0
16706,SR,North,kits,med,0,0,0
16706,SR,North,kits,hig,0,0,0
16706,SR,East,kits,low,0,0,0
16706,SR,East,kits,med,0,0,0
16706,SR,East,kits,hig,3,0,1
16706,SR,South,kits,low,0,0,0
16706,SR,South,kits,med,0,0,0
16706,SR,South,kits,hig,7,0,1
16706,SR,West,kits,low,0,0,0
16706,SR,West,kits,med,0,0,0
16706,SR,West,kits,hig,0,0,0
22610,SR,North,kits,low,0,0,0
22610,SR,North,kits,med,0,0,0
22610,SR,North,kits,hig,0,0,0
22610,SR,East,kits,low,0,0,0
22610,SR,East,kits,med,0,0,0
22610,SR,East,kits,hig,0,0,0
22610,SR,South,kits,low,0,0,0
22610,SR,South,kits,med,0,0,0
22610,SR,South,kits,hig,0,3,1
22610,SR,West,kits,low,0,0,0
22610,SR,West,kits,med,0,0,0
22610,SR,West,kits,hig,0,0,0
2574,removal,North,kits,low,NA,NA,NA
2574,removal,North,kits,med,NA,NA,NA
2574,removal,North,kits,hig,NA,NA,NA
2574,removal,East,kits,low,NA,NA,NA
2574,removal,East,kits,med,NA,NA,NA
2574,removal,East,kits,hig,NA,NA,NA
2574,removal,South,kits,low,NA,NA,NA
2574,removal,South,kits,med,NA,NA,NA
2574,removal,South,kits,hig,NA,NA,NA
2574,removal,West,kits,low,NA,NA,NA
2574,removal,West,kits,med,NA,NA,NA
2574,removal,West,kits,hig,NA,NA,NA
160594,SR,North,kits,low,0,0,0
160594,SR,North,kits,med,0,4,1
160594,SR,North,kits,hig,0,0,0
160594,SR,East,kits,low,0,9,2
160594,SR,East,kits,med,0,16,2
160594,SR,East,kits,hig,0,7,2
160594,SR,South,kits,low,0,10,1
160594,SR,South,kits,med,0,4,2
160594,SR,South,kits,hig,0,2,1
160594,SR,West,kits,low,0,3,1
160594,SR,West,kits,med,0,2,2
160594,SR,West,kits,hig,0,4,2
169119,gone,North,kits,low,NA,NA,NA
169119,gone,North,kits,med,NA,NA,NA
169119,gone,North,kits,hig,NA,NA,NA
169119,gone,East,kits,low,NA,NA,NA
169119,gone,East,kits,med,NA,NA,NA
169119,gone,East,kits,hig,NA,NA,NA
169119,gone,South,kits,low,NA,NA,NA
169119,gone,South,kits,med,NA,NA,NA
169119,gone,South,kits,hig,NA,NA,NA
169119,gone,West,kits,low,NA,NA,NA
169119,gone,West,kits,med,NA,NA,NA
169119,gone,West,kits,hig,NA,NA,NA
169125,gone,North,kits,low,NA,NA,NA
169125,gone,North,kits,med,NA,NA,NA
169125,gone,North,kits,hig,NA,NA,NA
169125,gone,East,kits,low,NA,NA,NA
169125,gone,East,kits,med,NA,NA,NA
169125,gone,East,kits,hig,NA,NA,NA
169125,gone,South,kits,low,NA,NA,NA
169125,gone,South,kits,med,NA,NA,NA
169125,gone,South,kits,hig,NA,NA,NA
169125,gone,West,kits,low,NA,NA,NA
169125,gone,West,kits,med,NA,NA,NA
169125,gone,West,kits,hig,NA,NA,NA
194872,gone,North,kits,low,NA,NA,NA
194872,gone,North,kits,med,NA,NA,NA
194872,gone,North,kits,hig,NA,NA,NA
194872,gone,East,kits,low,NA,NA,NA
194872,gone,East,kits,med,NA,NA,NA
194872,gone,East,kits,hig,NA,NA,NA
194872,gone,South,kits,low,NA,NA,NA
194872,gone,South,kits,med,NA,NA,NA
194872,gone,South,kits,hig,NA,NA,NA
194872,gone,West,kits,low,NA,NA,NA
194872,gone,West,kits,med,NA,NA,NA
194872,gone,West,kits,hig,NA,NA,NA
158213,SR,North,renfrew,low,0,8,3
158213,SR,North,renfrew,med,4,1,3
158213,SR,North,renfrew,hig,0,1,3
158213,SR,East,renfrew,low,0,13,3
158213,SR,East,renfrew,med,0,17,3
158213,SR,East,renfrew,hig,0,16,3
158213,SR,South,renfrew,low,NA,NA,NA
158213,SR,South,renfrew,med,NA,NA,NA
158213,SR,South,renfrew,hig,NA,NA,NA
158213,SR,West,renfrew,low,11,8,3
158213,SR,West,renfrew,med,0,14,3
158213,SR,West,renfrew,hig,7,18,3
90862,ER,North,renfrew,low,0,0,0
90862,ER,North,renfrew,med,0,1,1
90862,ER,North,renfrew,hig,0,8,1
90862,ER,East,renfrew,low,0,0,0
90862,ER,East,renfrew,med,0,1,1
90862,ER,East,renfrew,hig,0,0,0
90862,ER,South,renfrew,low,0,0,0
90862,ER,South,renfrew,med,0,0,0
90862,ER,South,renfrew,hig,0,0,0
90862,ER,West,renfrew,low,0,0,0
90862,ER,West,renfrew,med,0,0,0
90862,ER,West,renfrew,hig,0,0,0
156795,SR,North,renfrew,low,0,22,2
156795,SR,North,renfrew,med,0,19,4
156795,SR,North,renfrew,hig,0,6,2
156795,SR,East,renfrew,low,0,10,3
156795,SR,East,renfrew,med,4,14,4
156795,SR,East,renfrew,hig,5,12,3
156795,SR,South,renfrew,low,NA,NA,NA
156795,SR,South,renfrew,med,NA,NA,NA
156795,SR,South,renfrew,hig,NA,NA,NA
156795,SR,West,renfrew,low,25,0,1
156795,SR,West,renfrew,med,1,21,5
156795,SR,West,renfrew,hig,5,25,8
38577,SR,North,renfrew,low,0,1,2
38577,SR,North,renfrew,med,0,0,0
38577,SR,North,renfrew,hig,3,12,3
38577,SR,East,renfrew,low,0,4,1
38577,SR,East,renfrew,med,0,9,1
38577,SR,East,renfrew,hig,0,4,1
38577,SR,South,renfrew,low,NA,NA,NA
38577,SR,South,renfrew,med,NA,NA,NA
38577,SR,South,renfrew,hig,NA,NA,NA
38577,SR,West,renfrew,low,21,0,2
38577,SR,West,renfrew,med,17,5,2
38577,SR,West,renfrew,hig,0,18,3
157048,SR,North,renfrew,low,0,23,4
157048,SR,North,renfrew,med,0,6,2
157048,SR,North,renfrew,hig,14,5,2
157048,SR,East,renfrew,low,0,25,3
157048,SR,East,renfrew,med,6,15,5
157048,SR,East,renfrew,hig,22,0,2
157048,SR,South,renfrew,low,14,13,4
157048,SR,South,renfrew,med,0,24,4
157048,SR,South,renfrew,hig,0,22,1
157048,SR,West,renfrew,low,10,10,5
157048,SR,West,renfrew,med,0,4,3
157048,SR,West,renfrew,hig,0,9,1
38537,SR,North,renfrew,low,0,8,2
38537,SR,North,renfrew,med,0,0,0
38537,SR,North,renfrew,hig,0,0,0
38537,SR,East,renfrew,low,0,2,1
38537,SR,East,renfrew,med,0,0,2
38537,SR,East,renfrew,hig,0,2,2
38537,SR,South,renfrew,low,0,11,1
38537,SR,South,renfrew,med,0,2,2
38537,SR,South,renfrew,hig,0,1,1
38537,SR,West,renfrew,low,0,7,2
38537,SR,West,renfrew,med,0,0,2
38537,SR,West,renfrew,hig,0,5,1
157046,SR,North,renfrew,low,0,3,1
157046,SR,North,renfrew,med,0,0,0
157046,SR,North,renfrew,hig,0,15,1
157046,SR,East,renfrew,low,0,1,1
157046,SR,East,renfrew,med,0,20,1
157046,SR,East,renfrew,hig,0,25,1
157046,SR,South,renfrew,low,NA,NA,NA
157046,SR,South,renfrew,med,NA,NA,NA
157046,SR,South,renfrew,hig,NA,NA,NA
157046,SR,West,renfrew,low,0,1,3
157046,SR,West,renfrew,med,0,6,2
157046,SR,West,renfrew,hig,0,20,2
157055,SR,North,renfrew,low,0,22,3
157055,SR,North,renfrew,med,2,25,4
157055,SR,North,renfrew,hig,6,19,5
157055,SR,East,renfrew,low,0,11,2
157055,SR,East,renfrew,med,1,13,3
157055,SR,East,renfrew,hig,0,22,4
157055,SR,South,renfrew,low,NA,NA,NA
157055,SR,South,renfrew,med,NA,NA,NA
157055,SR,South,renfrew,hig,NA,NA,NA
157055,SR,West,renfrew,low,0,5,1
157055,SR,West,renfrew,med,3,3,2
157055,SR,West,renfrew,hig,11,8,3
157041,SR,North,renfrew,low,3,17,3
157041,SR,North,renfrew,med,15,11,2
157041,SR,North,renfrew,hig,6,7,3
157041,SR,East,renfrew,low,0,0,1
157041,SR,East,renfrew,med,0,9,2
157041,SR,East,renfrew,hig,0,11,1
157041,SR,South,renfrew,low,NA,NA,NA
157041,SR,South,renfrew,med,NA,NA,NA
157041,SR,South,renfrew,hig,NA,NA,NA
157041,SR,West,renfrew,low,11,2,2
157041,SR,West,renfrew,med,11,5,3
157041,SR,West,renfrew,hig,11,7,2
37829,NR,North,renfrew,low,0,25,2
37829,NR,North,renfrew,med,13,14,3
37829,NR,North,renfrew,hig,1,22,5
37829,NR,East,renfrew,low,0,14,3
37829,NR,East,renfrew,med,0,10,3
37829,NR,East,renfrew,hig,4,10,3
37829,NR,South,renfrew,low,0,7,0
37829,NR,South,renfrew,med,1,25,3
37829,NR,South,renfrew,hig,0,23,3
37829,NR,West,renfrew,low,8,3,2
37829,NR,West,renfrew,med,0,24,1
37829,NR,West,renfrew,hig,1,24,2
111587,ER,North,renfrew,low,1,10,3
111587,ER,North,renfrew,med,0,19,1
111587,ER,North,renfrew,hig,7,17,4
111587,ER,East,renfrew,low,0,3,3
111587,ER,East,renfrew,med,0,21,2
111587,ER,East,renfrew,hig,0,23,1
111587,ER,South,renfrew,low,0,1,1
111587,ER,South,renfrew,med,0,23,1
111587,ER,South,renfrew,hig,0,21,2
111587,ER,West,renfrew,low,0,23,1
111587,ER,West,renfrew,med,0,17,2
111587,ER,West,renfrew,hig,0,22,2
111586,ER,North,renfrew,low,0,1,1
111586,ER,North,renfrew,med,0,2,2
111586,ER,North,renfrew,hig,0,16,2
111586,ER,East,renfrew,low,0,1,2
111586,ER,East,renfrew,med,0,3,2
111586,ER,East,renfrew,hig,0,5,1
111586,ER,South,renfrew,low,2,0,1
111586,ER,South,renfrew,med,8,3,2
111586,ER,South,renfrew,hig,0,4,2
111586,ER,West,renfrew,low,0,0,1
111586,ER,West,renfrew,med,0,0,1
111586,ER,West,renfrew,hig,0,23,2
66384,NR,North,renfrew,low,0,4,1
66384,NR,North,renfrew,med,10,4,2
66384,NR,North,renfrew,hig,0,3,3
66384,NR,East,renfrew,low,0,25,2
66384,NR,East,renfrew,med,0,22,3
66384,NR,East,renfrew,hig,0,4,4
66384,NR,South,renfrew,low,0,25,2
66384,NR,South,renfrew,med,0,10,2
66384,NR,South,renfrew,hig,0,12,2
66384,NR,West,renfrew,low,0,25,3
66384,NR,West,renfrew,med,0,25,3
66384,NR,West,renfrew,hig,0,24,3
21290,SR,North,renfrew,low,25,0,1
21290,SR,North,renfrew,med,25,0,1
21290,SR,North,renfrew,hig,25,0,1
21290,SR,East,renfrew,low,24,0,1
21290,SR,East,renfrew,med,25,0,1
21290,SR,East,renfrew,hig,24,1,2
21290,SR,South,renfrew,low,0,17,1
21290,SR,South,renfrew,med,0,24,2
21290,SR,South,renfrew,hig,0,18,2
21290,SR,West,renfrew,low,9,2,2
21290,SR,West,renfrew,med,10,8,3
21290,SR,West,renfrew,hig,22,1,2
21298,SR,North,renfrew,low,19,0,1
21298,SR,North,renfrew,med,9,0,1
21298,SR,North,renfrew,hig,24,0,3
21298,SR,East,renfrew,low,16,0,1
21298,SR,East,renfrew,med,25,0,2
21298,SR,East,renfrew,hig,25,0,2
21298,SR,South,renfrew,low,21,0,2
21298,SR,South,renfrew,med,25,0,3
21298,SR,South,renfrew,hig,25,0,3
21298,SR,West,renfrew,low,15,9,4
21298,SR,West,renfrew,med,12,3,4
21298,SR,West,renfrew,hig,21,0,3
167479,WR,North,renfrew,low,0,17,2
167479,WR,North,renfrew,med,0,13,3
167479,WR,North,renfrew,hig,1,11,3
167479,WR,East,renfrew,low,0,22,3
167479,WR,East,renfrew,med,0,11,4
167479,WR,East,renfrew,hig,0,6,2
167479,WR,South,renfrew,low,0,5,2
167479,WR,South,renfrew,med,0,21,2
167479,WR,South,renfrew,hig,0,25,4
167479,WR,West,renfrew,low,0,19,3
167479,WR,West,renfrew,med,0,24,3
167479,WR,West,renfrew,hig,0,25,3
167113,WR,North,renfrew,low,0,16,2
167113,WR,North,renfrew,med,0,5,1
167113,WR,North,renfrew,hig,0,6,2
167113,WR,East,renfrew,low,0,25,4
167113,WR,East,renfrew,med,0,25,2
167113,WR,East,renfrew,hig,5,6,4
167113,WR,South,renfrew,low,0,25,3
167113,WR,South,renfrew,med,0,25,4
167113,WR,South,renfrew,hig,0,25,4
167113,WR,West,renfrew,low,0,17,2
167113,WR,West,renfrew,med,0,12,1
167113,WR,West,renfrew,hig,0,12,2
98649,,North,renfrew,low,NA,NA,NA
98649,,North,renfrew,med,NA,NA,NA
98649,,North,renfrew,hig,NA,NA,NA
98649,,East,renfrew,low,NA,NA,NA
98649,,East,renfrew,med,NA,NA,NA
98649,,East,renfrew,hig,NA,NA,NA
98649,,South,renfrew,low,NA,NA,NA
98649,,South,renfrew,med,NA,NA,NA
98649,,South,renfrew,hig,NA,NA,NA
98649,,West,renfrew,low,NA,NA,NA
98649,,West,renfrew,med,NA,NA,NA
98649,,West,renfrew,hig,NA,NA,NA
123771,WR,North,renfrew,low,0,9,2
123771,WR,North,renfrew,med,6,10,3
123771,WR,North,renfrew,hig,0,3,1
123771,WR,East,renfrew,low,0,6,1
123771,WR,East,renfrew,med,0,11,3
123771,WR,East,renfrew,hig,0,0,0
123771,WR,South,renfrew,low,0,6,2
123771,WR,South,renfrew,med,0,25,2
123771,WR,South,renfrew,hig,0,25,3
123771,WR,West,renfrew,low,0,22,2
123771,WR,West,renfrew,med,0,22,3
123771,WR,West,renfrew,hig,0,5,2
61726,NR,North,renfrew,low,0,25,3
61726,NR,North,renfrew,med,0,24,2
61726,NR,North,renfrew,hig,0,4,2
61726,NR,East,renfrew,low,0,9,2
61726,NR,East,renfrew,med,3,2,4
61726,NR,East,renfrew,hig,2,0,2
61726,NR,South,renfrew,low,0,6,2
61726,NR,South,renfrew,med,0,0,0
61726,NR,South,renfrew,hig,0,0,0
61726,NR,West,renfrew,low,1,0,1
61726,NR,West,renfrew,med,3,25,5
61726,NR,West,renfrew,hig,3,7,4
61724,NR,North,renfrew,low,0,2,2
61724,NR,North,renfrew,med,0,0,1
61724,NR,North,renfrew,hig,0,0,2
61724,NR,East,renfrew,low,6,2,3
61724,NR,East,renfrew,med,0,2,3
61724,NR,East,renfrew,hig,3,1,2
61724,NR,South,renfrew,low,3,25,6
61724,NR,South,renfrew,med,3,23,3
61724,NR,South,renfrew,hig,2,24,2
61724,NR,West,renfrew,low,0,25,3
61724,NR,West,renfrew,med,3,22,3
61724,NR,West,renfrew,hig,0,23,2
9335,NR,North,renfrew,low,24,0,1
9335,NR,North,renfrew,med,25,0,3
9335,NR,North,renfrew,hig,25,1,2
9335,NR,East,renfrew,low,25,0,1
9335,NR,East,renfrew,med,25,0,1
9335,NR,East,renfrew,hig,25,0,2
9335,NR,South,renfrew,low,20,0,2
9335,NR,South,renfrew,med,25,0,2
9335,NR,South,renfrew,hig,22,2,2
9335,NR,West,renfrew,low,25,0,3
9335,NR,West,renfrew,med,12,10,3
9335,NR,West,renfrew,hig,6,11,5
100415,WR,North,renfrew,low,0,10,2
100415,WR,North,renfrew,med,0,20,1
100415,WR,North,renfrew,hig,0,19,2
100415,WR,East,renfrew,low,0,22,3
100415,WR,East,renfrew,med,0,1,1
100415,WR,East,renfrew,hig,0,4,2
100415,WR,South,renfrew,low,0,3,2
100415,WR,South,renfrew,med,0,15,2
100415,WR,South,renfrew,hig,0,25,2
100415,WR,West,renfrew,low,0,20,2
100415,WR,West,renfrew,med,0,14,2
100415,WR,West,renfrew,hig,0,18,3
146424,ER,North,renfrew,low,0,3,1
146424,ER,North,renfrew,med,0,0,0
146424,ER,North,renfrew,hig,0,9,2
146424,ER,East,renfrew,low,0,0,1
146424,ER,East,renfrew,med,0,4,1
146424,ER,East,renfrew,hig,0,0,1
146424,ER,South,renfrew,low,0,4,2
146424,ER,South,renfrew,med,0,0,2
146424,ER,South,renfrew,hig,0,2,1
146424,ER,West,renfrew,low,0,0,0
146424,ER,West,renfrew,med,0,22,2
146424,ER,West,renfrew,hig,0,19,2
150194,NR,North,renfrew,low,7,9,3
150194,NR,North,renfrew,med,23,3,4
150194,NR,North,renfrew,hig,25,0,3
150194,NR,East,renfrew,low,10,5,3
150194,NR,East,renfrew,med,25,0,3
150194,NR,East,renfrew,hig,25,0,2
150194,NR,South,renfrew,low,0,0,1
150194,NR,South,renfrew,med,25,0,1
150194,NR,South,renfrew,hig,25,0,2
150194,NR,West,renfrew,low,0,24,1
150194,NR,West,renfrew,med,17,4,2
150194,NR,West,renfrew,hig,24,1,4
17164,SR,North,renfrew,low,0,25,2
17164,SR,North,renfrew,med,0,25,5
17164,SR,North,renfrew,hig,0,25,4
17164,SR,East,renfrew,low,0,1,1
17164,SR,East,renfrew,med,22,0,4
17164,SR,East,renfrew,hig,0,14,5
17164,SR,South,renfrew,low,NA,NA,NA
17164,SR,South,renfrew,med,NA,NA,NA
17164,SR,South,renfrew,hig,NA,NA,NA
17164,SR,West,renfrew,low,0,21,4
17164,SR,West,renfrew,med,0,15,3
17164,SR,West,renfrew,hig,0,25,4
152428,SR,North,renfrew,low,0,0,0
152428,SR,North,renfrew,med,0,6,2
152428,SR,North,renfrew,hig,0,21,2
152428,SR,East,renfrew,low,0,25,4
152428,SR,East,renfrew,med,0,22,3
152428,SR,East,renfrew,hig,0,25,4
152428,SR,South,renfrew,low,0,21,3
152428,SR,South,renfrew,med,0,22,2
152428,SR,South,renfrew,hig,0,17,1
152428,SR,West,renfrew,low,0,0,1
152428,SR,West,renfrew,med,0,21,3
152428,SR,West,renfrew,hig,0,25,4
27538,SR,North,renfrew,low,0,5,1
27538,SR,North,renfrew,med,1,22,3
27538,SR,North,renfrew,hig,18,5,2
27538,SR,East,renfrew,low,2,20,3
27538,SR,East,renfrew,med,6,19,6
27538,SR,East,renfrew,hig,15,5,5
27538,SR,South,renfrew,low,1,6,2
27538,SR,South,renfrew,med,0,23,3
27538,SR,South,renfrew,hig,0,25,2
27538,SR,West,renfrew,low,2,8,3
27538,SR,West,renfrew,med,12,8,3
27538,SR,West,renfrew,hig,14,9,3
156305,WR,North,renfrew,low,0,25,1
156305,WR,North,renfrew,med,25,0,1
156305,WR,North,renfrew,hig,25,0,1
156305,WR,East,renfrew,low,0,2,1
156305,WR,East,renfrew,med,1,7,2
156305,WR,East,renfrew,hig,25,2,3
156305,WR,South,renfrew,low,0,11,2
156305,WR,South,renfrew,med,7,3,3
156305,WR,South,renfrew,hig,0,0,0
156305,WR,West,renfrew,low,7,4,2
156305,WR,West,renfrew,med,18,3,2
156305,WR,West,renfrew,hig,25,0,1
79432,ER,North,renfrew,low,0,10,3
79432,ER,North,renfrew,med,0,6,1
79432,ER,North,renfrew,hig,0,14,1
79432,ER,East,renfrew,low,0,23,1
79432,ER,East,renfrew,med,0,13,1
79432,ER,East,renfrew,hig,0,25,1
79432,ER,South,renfrew,low,0,6,2
79432,ER,South,renfrew,med,0,2,1
79432,ER,South,renfrew,hig,0,10,1
79432,ER,West,renfrew,low,0,25,1
79432,ER,West,renfrew,med,0,25,2
79432,ER,West,renfrew,hig,0,2,1
223428,ER,North,renfrew,low,0,2,1
223428,ER,North,renfrew,med,0,6,1
223428,ER,North,renfrew,hig,0,6,1
223428,ER,East,renfrew,low,0,1,1
223428,ER,East,renfrew,med,0,8,1
223428,ER,East,renfrew,hig,0,4,1
223428,ER,South,renfrew,low,0,0,0
223428,ER,South,renfrew,med,0,0,0
223428,ER,South,renfrew,hig,0,2,1
223428,ER,West,renfrew,low,0,1,1
223428,ER,West,renfrew,med,0,0,0
223428,ER,West,renfrew,hig,0,0,0
107521,ER,North,renfrew,low,0,19,2
107521,ER,North,renfrew,med,0,24,2
107521,ER,North,renfrew,hig,0,20,2
107521,ER,East,renfrew,low,0,25,2
107521,ER,East,renfrew,med,0,6,1
107521,ER,East,renfrew,hig,0,5,2
107521,ER,South,renfrew,low,0,15,2
107521,ER,South,renfrew,med,0,16,2
107521,ER,South,renfrew,hig,0,25,2
107521,ER,West,renfrew,low,0,11,2
107521,ER,West,renfrew,med,0,7,2
107521,ER,West,renfrew,hig,0,3,2
113915,WR,North,renfrew,low,0,2,1
113915,WR,North,renfrew,med,0,1,1
113915,WR,North,renfrew,hig,0,5,1
113915,WR,East,renfrew,low,0,2,1
113915,WR,East,renfrew,med,0,23,1
113915,WR,East,renfrew,hig,0,25,1
113915,WR,South,renfrew,low,0,12,3
113915,WR,South,renfrew,med,0,18,2
113915,WR,South,renfrew,hig,0,3,2
113915,WR,West,renfrew,low,0,3,1
113915,WR,West,renfrew,med,0,5,1
113915,WR,West,renfrew,hig,0,4,1
154665,NR,North,renfrew,low,3,5,2
154665,NR,North,renfrew,med,2,9,2
154665,NR,North,renfrew,hig,3,8,2
154665,NR,East,renfrew,low,0,5,2
154665,NR,East,renfrew,med,15,0,1
154665,NR,East,renfrew,hig,14,9,2
154665,NR,South,renfrew,low,0,0,0
154665,NR,South,renfrew,med,0,2,1
154665,NR,South,renfrew,hig,3,1,2
154665,NR,West,renfrew,low,1,0,1
154665,NR,West,renfrew,med,18,0,1
154665,NR,West,renfrew,hig,10,0,1
75529,ER,North,renfrew,low,25,0,1
75529,ER,North,renfrew,med,25,0,3
75529,ER,North,renfrew,hig,25,0,2
75529,ER,East,renfrew,low,7,12,3
75529,ER,East,renfrew,med,18,7,3
75529,ER,East,renfrew,hig,23,0,1
75529,ER,South,renfrew,low,0,0,1
75529,ER,South,renfrew,med,0,0,2
75529,ER,South,renfrew,hig,0,10,1
75529,ER,West,renfrew,low,0,4,1
75529,ER,West,renfrew,med,12,7,4
75529,ER,West,renfrew,hig,4,5,3
166808,SR,North,renfrew,low,0,22,3
166808,SR,North,renfrew,med,2,23,5
166808,SR,North,renfrew,hig,25,0,1
166808,SR,East,renfrew,low,1,20,5
166808,SR,East,renfrew,med,14,14,4
166808,SR,East,renfrew,hig,15,12,3
166808,SR,South,renfrew,low,0,25,2
166808,SR,South,renfrew,med,0,24,3
166808,SR,South,renfrew,hig,0,25,3
166808,SR,West,renfrew,low,0,23,2
166808,SR,West,renfrew,med,0,24,3
166808,SR,West,renfrew,hig,3,17,4
75524,WR,North,renfrew,low,7,7,2
75524,WR,North,renfrew,med,0,23,1
75524,WR,North,renfrew,hig,0,9,2
75524,WR,East,renfrew,low,0,5,2
75524,WR,East,renfrew,med,0,22,3
75524,WR,East,renfrew,hig,3,20,4
75524,WR,South,renfrew,low,0,22,2
75524,WR,South,renfrew,med,0,23,2
75524,WR,South,renfrew,hig,0,25,3
75524,WR,West,renfrew,low,0,18,3
75524,WR,West,renfrew,med,1,24,3
75524,WR,West,renfrew,hig,0,25,3
75572,WR ,North,renfrew,low,25,0,1
75572,WR ,North,renfrew,med,23,2,3
75572,WR ,North,renfrew,hig,20,4,4
75572,WR ,East,renfrew,low,21,1,3
75572,WR ,East,renfrew,med,25,0,1
75572,WR ,East,renfrew,hig,6,19,4
75572,WR ,South,renfrew,low,22,0,1
75572,WR ,South,renfrew,med,21,0,1
75572,WR ,South,renfrew,hig,12,0,1
75572,WR ,West,renfrew,low,18,9,2
75572,WR ,West,renfrew,med,11,8,4
75572,WR ,West,renfrew,hig,14,6,2
66929,ER,North,renfrew,low,0,21,3
66929,ER,North,renfrew,med,0,7,2
66929,ER,North,renfrew,hig,0,8,1
66929,ER,East,renfrew,low,10,4,3
66929,ER,East,renfrew,med,0,7,2
66929,ER,East,renfrew,hig,0,1,1
66929,ER,South,renfrew,low,0,23,3
66929,ER,South,renfrew,med,0,25,3
66929,ER,South,renfrew,hig,0,24,2
66929,ER,West,renfrew,low,4,9,3
66929,ER,West,renfrew,med,1,20,2
66929,ER,West,renfrew,hig,0,4,1
147935,ER,North,renfrew,low,1,0,1
147935,ER,North,renfrew,med,0,0,0
147935,ER,North,renfrew,hig,0,1,1
147935,ER,East,renfrew,low,8,8,1
147935,ER,East,renfrew,med,6,6,3
147935,ER,East,renfrew,hig,0,6,2
147935,ER,South,renfrew,low,1,4,4
147935,ER,South,renfrew,med,0,6,1
147935,ER,South,renfrew,hig,1,12,4
147935,ER,West,renfrew,low,10,18,3
147935,ER,West,renfrew,med,6,12,6
147935,ER,West,renfrew,hig,8,18,4
38536,SR,North,renfrew,low,0,4,1
38536,SR,North,renfrew,med,0,4,2
38536,SR,North,renfrew,hig,0,0,0
38536,SR,East,renfrew,low,0,8,1
38536,SR,East,renfrew,med,9,4,3
38536,SR,East,renfrew,hig,9,0,2
38536,SR,South,renfrew,low,0,2,2
38536,SR,South,renfrew,med,0,5,2
38536,SR,South,renfrew,hig,0,6,2
38536,SR,West,renfrew,low,0,0,0
38536,SR,West,renfrew,med,0,1,1
38536,SR,West,renfrew,hig,2,0,2
157044,SR,North,renfrew,low,1,6,2
157044,SR,North,renfrew,med,0,8,1
157044,SR,North,renfrew,hig,0,0,0
157044,SR,East,renfrew,low,0,7,1
157044,SR,East,renfrew,med,7,6,2
157044,SR,East,renfrew,hig,0,16,2
157044,SR,South,renfrew,low,NA,NA,NA
157044,SR,South,renfrew,med,NA,NA,NA
157044,SR,South,renfrew,hig,NA,NA,NA
157044,SR,West,renfrew,low,8,16,3
157044,SR,West,renfrew,med,2,22,3
157044,SR,West,renfrew,hig,1,8,2
157098,SR,North,renfrew,low,0,2,2
157098,SR,North,renfrew,med,0,5,2
157098,SR,North,renfrew,hig,0,4,2
157098,SR,East,renfrew,low,0,0,0
157098,SR,East,renfrew,med,0,14,1
157098,SR,East,renfrew,hig,0,17,1
157098,SR,South,renfrew,low,NA,NA,NA
157098,SR,South,renfrew,med,NA,NA,NA
157098,SR,South,renfrew,hig,NA,NA,NA
157098,SR,West,renfrew,low,0,2,1
157098,SR,West,renfrew,med,0,4,2
157098,SR,West,renfrew,hig,0,12,2
157097,Tree cage,North,renfrew,low,NA,NA,NA
157097,Tree cage,North,renfrew,med,NA,NA,NA
157097,Tree cage,North,renfrew,hig,NA,NA,NA
157097,Tree cage,East,renfrew,low,NA,NA,NA
157097,Tree cage,East,renfrew,med,NA,NA,NA
157097,Tree cage,East,renfrew,hig,NA,NA,NA
157097,Tree cage,South,renfrew,low,NA,NA,NA
157097,Tree cage,South,renfrew,med,NA,NA,NA
157097,Tree cage,South,renfrew,hig,NA,NA,NA
157097,Tree cage,West,renfrew,low,NA,NA,NA
157097,Tree cage,West,renfrew,med,NA,NA,NA
157097,Tree cage,West,renfrew,hig,NA,NA,NA
37015,WR,North,renfrew,low,10,0,1
37015,WR,North,renfrew,med,25,0,1
37015,WR,North,renfrew,hig,25,0,1
37015,WR,East,renfrew,low,0,10,1
37015,WR,East,renfrew,med,22,0,1
37015,WR,East,renfrew,hig,23,1,3
37015,WR,South,renfrew,low,0,19,2
37015,WR,South,renfrew,med,23,4,2
37015,WR,South,renfrew,hig,22,1,3
37015,WR,West,renfrew,low,0,12,1
37015,WR,West,renfrew,med,18,2,3
37015,WR,West,renfrew,hig,23,0,2
108046,ER,North,renfrew,low,0,2,1
108046,ER,North,renfrew,med,10,9,3
108046,ER,North,renfrew,hig,1,5,3
108046,ER,East,renfrew,low,1,8,2
108046,ER,East,renfrew,med,25,0,3
108046,ER,East,renfrew,hig,25,0,2
108046,ER,South,renfrew,low,0,9,2
108046,ER,South,renfrew,med,21,6,2
108046,ER,South,renfrew,hig,24,6,3
108046,ER,West,renfrew,low,1,2,2
108046,ER,West,renfrew,med,3,4,2
108046,ER,West,renfrew,hig,0,20,2
88920,WR,North,renfrew,low,0,3,1
88920,WR,North,renfrew,med,5,0,1
88920,WR,North,renfrew,hig,0,0,0
88920,WR,East,renfrew,low,0,0,0
88920,WR,East,renfrew,med,0,0,0
88920,WR,East,renfrew,hig,0,0,0
88920,WR,South,renfrew,low,0,10,3
88920,WR,South,renfrew,med,3,14,3
88920,WR,South,renfrew,hig,4,22,3
88920,WR,West,renfrew,low,0,10,1
88920,WR,West,renfrew,med,10,4,2
88920,WR,West,renfrew,hig,1,25,3
107939,SR,North,renfrew,low,0,1,1
107939,SR,North,renfrew,med,0,3,1
107939,SR,North,renfrew,hig,0,2,1
107939,SR,East,renfrew,low,0,16,3
107939,SR,East,renfrew,med,0,15,3
107939,SR,East,renfrew,hig,0,7,2
107939,SR,South,renfrew,low,0,24,5
107939,SR,South,renfrew,med,0,24,4
107939,SR,South,renfrew,hig,11,9,4
107939,SR,West,renfrew,low,0,7,1
107939,SR,West,renfrew,med,0,20,2
107939,SR,West,renfrew,hig,0,3,2
21340,Removed,North,renfrew,low,NA,NA,NA
21340,Removed,North,renfrew,med,NA,NA,NA
21340,Removed,North,renfrew,hig,NA,NA,NA
21340,Removed,East,renfrew,low,NA,NA,NA
21340,Removed,East,renfrew,med,NA,NA,NA
21340,Removed,East,renfrew,hig,NA,NA,NA
21340,Removed,South,renfrew,low,NA,NA,NA
21340,Removed,South,renfrew,med,NA,NA,NA
21340,Removed,South,renfrew,hig,NA,NA,NA
21340,Removed,West,renfrew,low,NA,NA,NA
21340,Removed,West,renfrew,med,NA,NA,NA
21340,Removed,West,renfrew,hig,NA,NA,NA
107898,WR,North,renfrew,low,14,15,3
107898,WR,North,renfrew,med,5,12,4
107898,WR,North,renfrew,hig,8,15,3
107898,WR,East,renfrew,low,2,25,3
107898,WR,East,renfrew,med,25,1,2
107898,WR,East,renfrew,hig,24,0,1
107898,WR,South,renfrew,low,7,20,4
107898,WR,South,renfrew,med,15,4,3
107898,WR,South,renfrew,hig,25,0,2
107898,WR,West,renfrew,low,2,2,2
107898,WR,West,renfrew,med,2,0,1
107898,WR,West,renfrew,hig,15,0,1
134208,WR,North,renfrew,low,0,7,2
134208,WR,North,renfrew,med,0,11,2
134208,WR,North,renfrew,hig,0,2,1
134208,WR,East,renfrew,low,0,8,1
134208,WR,East,renfrew,med,0,4,1
134208,WR,East,renfrew,hig,0,3,1
134208,WR,South,renfrew,low,0,10,1
134208,WR,South,renfrew,med,0,18,1
134208,WR,South,renfrew,hig,0,25,1
134208,WR,West,renfrew,low,0,0,0
134208,WR,West,renfrew,med,0,0,0
134208,WR,West,renfrew,hig,0,0,0
98779,SR,North,renfrew,low,0,25,1
98779,SR,North,renfrew,med,0,8,1
98779,SR,North,renfrew,hig,0,1,1
98779,SR,East,renfrew,low,0,3,1
98779,SR,East,renfrew,med,0,18,2
98779,SR,East,renfrew,hig,0,21,2
98779,SR,South,renfrew,low,0,2,1
98779,SR,South,renfrew,med,0,16,3
98779,SR,South,renfrew,hig,0,13,2
98779,SR,West,renfrew,low,0,15,2
98779,SR,West,renfrew,med,0,24,2
98779,SR,West,renfrew,hig,0,23,4
98771,WR,North,renfrew,low,0,5,2
98771,WR,North,renfrew,med,0,2,1
98771,WR,North,renfrew,hig,0,0,0
98771,WR,East,renfrew,low,0,3,2
98771,WR,East,renfrew,med,0,5,1
98771,WR,East,renfrew,hig,0,0,0
98771,WR,South,renfrew,low,0,20,2
98771,WR,South,renfrew,med,0,3,2
98771,WR,South,renfrew,hig,0,6,1
98771,WR,West,renfrew,low,0,5,1
98771,WR,West,renfrew,med,0,3,2
98771,WR,West,renfrew,hig,0,2,2
98768,WR,North,renfrew,low,0,20,3
98768,WR,North,renfrew,med,0,7,1
98768,WR,North,renfrew,hig,0,3,1
98768,WR,East,renfrew,low,0,25,2
98768,WR,East,renfrew,med,0,25,3
98768,WR,East,renfrew,hig,0,25,2
98768,WR,South,renfrew,low,0,19,2
98768,WR,South,renfrew,med,0,21,3
98768,WR,South,renfrew,hig,0,25,3
98768,WR,West,renfrew,low,0,0,0
98768,WR,West,renfrew,med,0,3,3
98768,WR,West,renfrew,hig,3,12,3
129030,WR,North,renfrew,low,0,6,1
129030,WR,North,renfrew,med,0,0,0
129030,WR,North,renfrew,hig,0,2,1
129030,WR,East,renfrew,low,0,4,1
129030,WR,East,renfrew,med,0,0,1
129030,WR,East,renfrew,hig,0,7,1
129030,WR,South,renfrew,low,0,3,1
129030,WR,South,renfrew,med,0,20,1
129030,WR,South,renfrew,hig,0,7,1
129030,WR,West,renfrew,low,0,15,1
129030,WR,West,renfrew,med,0,16,1
129030,WR,West,renfrew,hig,0,7,1
24592,NR,North,renfrew,low,0,1,1
24592,NR,North,renfrew,med,0,4,1
24592,NR,North,renfrew,hig,1,23,4
24592,NR,East,renfrew,low,0,18,1
24592,NR,East,renfrew,med,0,7,2
24592,NR,East,renfrew,hig,1,25,2
24592,NR,South,renfrew,low,0,0,0
24592,NR,South,renfrew,med,0,3,2
24592,NR,South,renfrew,hig,0,3,1
24592,NR,West,renfrew,low,0,25,3
24592,NR,West,renfrew,med,0,25,2
24592,NR,West,renfrew,hig,0,4,1
25613,WR,North,renfrew,low,2,16,3
25613,WR,North,renfrew,med,0,25,2
25613,WR,North,renfrew,hig,0,24,3
25613,WR,East,renfrew,low,0,4,3
25613,WR,East,renfrew,med,0,14,2
25613,WR,East,renfrew,hig,8,10,3
25613,WR,South,renfrew,low,0,25,3
25613,WR,South,renfrew,med,0,25,3
25613,WR,South,renfrew,hig,1,18,5
25613,WR,West,renfrew,low,0,22,4
25613,WR,West,renfrew,med,0,20,4
25613,WR,West,renfrew,hig,0,23,2
98790,WR,North,renfrew,low,0,25,3
98790,WR,North,renfrew,med,0,24,2
98790,WR,North,renfrew,hig,0,17,2
98790,WR,East,renfrew,low,0,11,1
98790,WR,East,renfrew,med,0,6,1
98790,WR,East,renfrew,hig,0,10,2
98790,WR,South,renfrew,low,0,9,1
98790,WR,South,renfrew,med,0,0,0
98790,WR,South,renfrew,hig,0,25,2
98790,WR,West,renfrew,low,0,15,2
98790,WR,West,renfrew,med,0,14,2
98790,WR,West,renfrew,hig,0,19,2
98786,WR,North,renfrew,low,0,0,0
98786,WR,North,renfrew,med,0,0,0
98786,WR,North,renfrew,hig,0,3,3
98786,WR,East,renfrew,low,0,9,1
98786,WR,East,renfrew,med,0,3,1
98786,WR,East,renfrew,hig,0,6,1
98786,WR,South,renfrew,low,0,2,1
98786,WR,South,renfrew,med,0,10,2
98786,WR,South,renfrew,hig,0,3,2
98786,WR,West,renfrew,low,0,4,2
98786,WR,West,renfrew,med,0,12,1
98786,WR,West,renfrew,hig,0,11,1
98816,WR,North,renfrew,low,0,22,2
98816,WR,North,renfrew,med,0,17,2
98816,WR,North,renfrew,hig,0,7,2
98816,WR,East,renfrew,low,0,25,3
98816,WR,East,renfrew,med,0,3,1
98816,WR,East,renfrew,hig,0,1,1
98816,WR,South,renfrew,low,0,25,2
98816,WR,South,renfrew,med,0,5,2
98816,WR,South,renfrew,hig,0,7,2
98816,WR,West,renfrew,low,0,12,2
98816,WR,West,renfrew,med,0,17,2
98816,WR,West,renfrew,hig,0,19,2
98818,WR,North,renfrew,low,0,10,3
98818,WR,North,renfrew,med,0,4,1
98818,WR,North,renfrew,hig,0,2,1
98818,WR,East,renfrew,low,0,3,2
98818,WR,East,renfrew,med,0,12,1
98818,WR,East,renfrew,hig,0,11,1
98818,WR,South,renfrew,low,0,4,1
98818,WR,South,renfrew,med,0,2,1
98818,WR,South,renfrew,hig,0,3,1
98818,WR,West,renfrew,low,0,23,2
98818,WR,West,renfrew,med,0,23,2
98818,WR,West,renfrew,hig,1,24,3
98821,WR,North,renfrew,low,0,23,3
98821,WR,North,renfrew,med,0,22,3
98821,WR,North,renfrew,hig,0,8,2
98821,WR,East,renfrew,low,0,23,2
98821,WR,East,renfrew,med,0,0,0
98821,WR,East,renfrew,hig,0,6,1
98821,WR,South,renfrew,low,0,3,2
98821,WR,South,renfrew,med,0,2,1
98821,WR,South,renfrew,hig,0,1,1
98821,WR,West,renfrew,low,0,23,3
98821,WR,West,renfrew,med,0,16,2
98821,WR,West,renfrew,hig,0,8,2
98822,WR,North,renfrew,low,0,7,1
98822,WR,North,renfrew,med,0,24,1
98822,WR,North,renfrew,hig,0,21,1
98822,WR,East,renfrew,low,0,9,3
98822,WR,East,renfrew,med,0,17,2
98822,WR,East,renfrew,hig,0,25,1
98822,WR,South,renfrew,low,0,6,1
98822,WR,South,renfrew,med,0,9,1
98822,WR,South,renfrew,hig,0,7,1
98822,WR,West,renfrew,low,0,1,1
98822,WR,West,renfrew,med,0,7,1
98822,WR,West,renfrew,hig,0,10,1
27464,Removed,North,renfrew,low,NA,NA,NA
27464,Removed,North,renfrew,med,NA,NA,NA
27464,Removed,North,renfrew,hig,NA,NA,NA
27464,Removed,East,renfrew,low,NA,NA,NA
27464,Removed,East,renfrew,med,NA,NA,NA
27464,Removed,East,renfrew,hig,NA,NA,NA
27464,Removed,South,renfrew,low,NA,NA,NA
27464,Removed,South,renfrew,med,NA,NA,NA
27464,Removed,South,renfrew,hig,NA,NA,NA
27464,Removed,West,renfrew,low,NA,NA,NA
27464,Removed,West,renfrew,med,NA,NA,NA
27464,Removed,West,renfrew,hig,NA,NA,NA
98831,WR,North,renfrew,low,0,23,3
98831,WR,North,renfrew,med,0,6,3
98831,WR,North,renfrew,hig,0,2,2
98831,WR,East,renfrew,low,0,15,2
98831,WR,East,renfrew,med,0,2,2
98831,WR,East,renfrew,hig,0,0,NA
98831,WR,South,renfrew,low,0,11,1
98831,WR,South,renfrew,med,0,5,1
98831,WR,South,renfrew,hig,0,7,1
98831,WR,West,renfrew,low,0,17,1
98831,WR,West,renfrew,med,0,5,2
98831,WR,West,renfrew,hig,0,19,1
98842,WR,North,renfrew,low,0,19,1
98842,WR,North,renfrew,med,0,3,1
98842,WR,North,renfrew,hig,0,1,1
98842,WR,East,renfrew,low,0,0,0
98842,WR,East,renfrew,med,0,2,1
98842,WR,East,renfrew,hig,0,9,2
98842,WR,South,renfrew,low,0,0,0
98842,WR,South,renfrew,med,0,0,0
98842,WR,South,renfrew,hig,0,1,1
98842,WR,West,renfrew,low,0,0,0
98842,WR,West,renfrew,med,0,2,1
98842,WR,West,renfrew,hig,0,2,2
98851,Removed,North,renfrew,low,NA,NA,NA
98851,Removed,North,renfrew,med,NA,NA,NA
98851,Removed,North,renfrew,hig,NA,NA,NA
98851,Removed,East,renfrew,low,NA,NA,NA
98851,Removed,East,renfrew,med,NA,NA,NA
98851,Removed,East,renfrew,hig,NA,NA,NA
98851,Removed,South,renfrew,low,NA,NA,NA
98851,Removed,South,renfrew,med,NA,NA,NA
98851,Removed,South,renfrew,hig,NA,NA,NA
98851,Removed,West,renfrew,low,NA,NA,NA
98851,Removed,West,renfrew,med,NA,NA,NA
98851,Removed,West,renfrew,hig,NA,NA,NA
98855,WR,North,renfrew,low,0,0,0
98855,WR,North,renfrew,med,0,0,0
98855,WR,North,renfrew,hig,0,0,0
98855,WR,East,renfrew,low,0,0,0
98855,WR,East,renfrew,med,0,0,0
98855,WR,East,renfrew,hig,0,0,0
98855,WR,South,renfrew,low,0,0,0
98855,WR,South,renfrew,med,0,4,1
98855,WR,South,renfrew,hig,1,1,2
98855,WR,West,renfrew,low,0,0,0
98855,WR,West,renfrew,med,0,1,1
98855,WR,West,renfrew,hig,0,1,1
98856,WR,North,renfrew,low,0,8,2
98856,WR,North,renfrew,med,0,0,0
98856,WR,North,renfrew,hig,0,0,0
98856,WR,East,renfrew,low,0,6,2
98856,WR,East,renfrew,med,0,1,1
98856,WR,East,renfrew,hig,0,1,1
98856,WR,South,renfrew,low,0,8,2
98856,WR,South,renfrew,med,0,4,1
98856,WR,South,renfrew,hig,0,1,2
98856,WR,West,renfrew,low,0,4,2
98856,WR,West,renfrew,med,0,5,2
98856,WR,West,renfrew,hig,1,6,3
98857,WR,North,renfrew,low,0,0,0
98857,WR,North,renfrew,med,0,4,2
98857,WR,North,renfrew,hig,0,0,0
98857,WR,East,renfrew,low,0,4,2
98857,WR,East,renfrew,med,0,3,1
98857,WR,East,renfrew,hig,0,0,2
98857,WR,South,renfrew,low,0,22,3
98857,WR,South,renfrew,med,0,2,2
98857,WR,South,renfrew,hig,0,6,2
98857,WR,West,renfrew,low,0,0,0
98857,WR,West,renfrew,med,0,9,1
98857,WR,West,renfrew,hig,0,7,2
62547,WR,North,renfrew,low,0,4,1
62547,WR,North,renfrew,med,0,13,2
62547,WR,North,renfrew,hig,0,0,0
62547,WR,East,renfrew,low,0,0,0
62547,WR,East,renfrew,med,0,2,1
62547,WR,East,renfrew,hig,0,0,0
62547,WR,South,renfrew,low,0,16,2
62547,WR,South,renfrew,med,0,2,1
62547,WR,South,renfrew,hig,0,0,0
62547,WR,West,renfrew,low,0,19,2
62547,WR,West,renfrew,med,0,0,0
62547,WR,West,renfrew,hig,1,1,3
72784,WR,North,renfrew,low,0,22,2
72784,WR,North,renfrew,med,1,25,4
72784,WR,North,renfrew,hig,2,25,3
72784,WR,East,renfrew,low,0,8,1
72784,WR,East,renfrew,med,0,4,2
72784,WR,East,renfrew,hig,0,11,2
72784,WR,South,renfrew,low,1,0,2
72784,WR,South,renfrew,med,0,7,3
72784,WR,South,renfrew,hig,0,1,1
72784,WR,West,renfrew,low,1,18,3
72784,WR,West,renfrew,med,0,22,3
72784,WR,West,renfrew,hig,0,11,2
131757,WR,North,renfrew,low,0,2,1
131757,WR,North,renfrew,med,0,19,2
131757,WR,North,renfrew,hig,0,20,2
131757,WR,East,renfrew,low,0,1,1
131757,WR,East,renfrew,med,0,3,1
131757,WR,East,renfrew,hig,0,9,2
131757,WR,South,renfrew,low,0,20,3
131757,WR,South,renfrew,med,0,24,4
131757,WR,South,renfrew,hig,0,11,3
131757,WR,West,renfrew,low,0,0,0
131757,WR,West,renfrew,med,0,4,1
131757,WR,West,renfrew,hig,0,3,2
72794,WR,North,renfrew,low,0,2,1
72794,WR,North,renfrew,med,0,5,2
72794,WR,North,renfrew,hig,0,9,1
72794,WR,East,renfrew,low,0,3,1
72794,WR,East,renfrew,med,0,1,1
72794,WR,East,renfrew,hig,0,2,2
72794,WR,South,renfrew,low,0,9,3
72794,WR,South,renfrew,med,0,6,3
72794,WR,South,renfrew,hig,0,7,4
72794,WR,West,renfrew,low,0,21,3
72794,WR,West,renfrew,med,0,18,2
72794,WR,West,renfrew,hig,0,21,2
72797,NR,North,renfrew,low,0,22,2
72797,NR,North,renfrew,med,0,11,2
72797,NR,North,renfrew,hig,0,25,4
72797,NR,East,renfrew,low,0,20,3
72797,NR,East,renfrew,med,8,3,3
72797,NR,East,renfrew,hig,1,5,3
72797,NR,South,renfrew,low,0,19,2
72797,NR,South,renfrew,med,23,4,2
72797,NR,South,renfrew,hig,22,1,3
72797,NR,West,renfrew,low,0,7,1
72797,NR,West,renfrew,med,4,19,3
72797,NR,West,renfrew,hig,0,7,2
83688,SR,North,renfrew,low,0,0,0
83688,SR,North,renfrew,med,0,5,1
83688,SR,North,renfrew,hig,0,22,1
83688,SR,East,renfrew,low,0,3,1
83688,SR,East,renfrew,med,0,20,1
83688,SR,East,renfrew,hig,0,9,2
83688,SR,South,renfrew,low,0,11,1
83688,SR,South,renfrew,med,0,0,0
83688,SR,South,renfrew,hig,0,11,1
83688,SR,West,renfrew,low,0,5,1
83688,SR,West,renfrew,med,0,0,0
83688,SR,West,renfrew,hig,0,0,0
221258,NR,North,renfrew,low,0,0,0
221258,NR,North,renfrew,med,0,20,2
221258,NR,North,renfrew,hig,0,15,2
221258,NR,East,renfrew,low,0,6,1
221258,NR,East,renfrew,med,0,0,0
221258,NR,East,renfrew,hig,0,5,1
221258,NR,South,renfrew,low,0,3,1
221258,NR,South,renfrew,med,0,2,1
221258,NR,South,renfrew,hig,0,10,1
221258,NR,West,renfrew,low,0,1,1
221258,NR,West,renfrew,med,0,9,1
221258,NR,West,renfrew,hig,0,14,1
221256,NR,North,renfrew,low,0,2,1
221256,NR,North,renfrew,med,0,5,2
221256,NR,North,renfrew,hig,0,7,2
221256,NR,East,renfrew,low,0,22,3
221256,NR,East,renfrew,med,0,23,2
221256,NR,East,renfrew,hig,0,23,2
221256,NR,South,renfrew,low,0,3,2
221256,NR,South,renfrew,med,0,20,3
221256,NR,South,renfrew,hig,0,19,2
221256,NR,West,renfrew,low,0,5,1
221256,NR,West,renfrew,med,0,18,2
221256,NR,West,renfrew,hig,0,14,2
67207,Removed,North,renfrew,low,NA,NA,NA
67207,Removed,North,renfrew,med,NA,NA,NA
67207,Removed,North,renfrew,hig,NA,NA,NA
67207,Removed,East,renfrew,low,NA,NA,NA
67207,Removed,East,renfrew,med,NA,NA,NA
67207,Removed,East,renfrew,hig,NA,NA,NA
67207,Removed,South,renfrew,low,NA,NA,NA
67207,Removed,South,renfrew,med,NA,NA,NA
67207,Removed,South,renfrew,hig,NA,NA,NA
67207,Removed,West,renfrew,low,NA,NA,NA
67207,Removed,West,renfrew,med,NA,NA,NA
67207,Removed,West,renfrew,hig,NA,NA,NA
88968,SR,North,renfrew,low,5,4,3
88968,SR,North,renfrew,med,0,13,2
88968,SR,North,renfrew,hig,1,2,3
88968,SR,East,renfrew,low,0,10,2
88968,SR,East,renfrew,med,4,8,2
88968,SR,East,renfrew,hig,0,25,2
88968,SR,South,renfrew,low,0,0,0
88968,SR,South,renfrew,med,0,0,0
88968,SR,South,renfrew,hig,1,2,2
88968,SR,West,renfrew,low,22,1,2
88968,SR,West,renfrew,med,19,3,4
88968,SR,West,renfrew,hig,23,0,3
88988,SR,North,renfrew,low,0,0,0
88988,SR,North,renfrew,med,12,4,2
88988,SR,North,renfrew,hig,10,3,2
88988,SR,East,renfrew,low,3,5,2
88988,SR,East,renfrew,med,3,5,3
88988,SR,East,renfrew,hig,12,1,2
88988,SR,South,renfrew,low,NA,NA,NA
88988,SR,South,renfrew,med,NA,NA,NA
88988,SR,South,renfrew,hig,NA,NA,NA
88988,SR,West,renfrew,low,17,12,3
88988,SR,West,renfrew,med,0,3,1
88988,SR,West,renfrew,hig,18,1,2
161077,SR,North,renfrew,low,12,0,1
161077,SR,North,renfrew,med,0,0,0
161077,SR,North,renfrew,hig,0,0,0
161077,SR,East,renfrew,low,0,9,2
161077,SR,East,renfrew,med,0,6,1
161077,SR,East,renfrew,hig,0,4,2
161077,SR,South,renfrew,low,NA,NA,NA
161077,SR,South,renfrew,med,NA,NA,NA
161077,SR,South,renfrew,hig,NA,NA,NA
161077,SR,West,renfrew,low,0,25,1
161077,SR,West,renfrew,med,0,5,1
161077,SR,West,renfrew,hig,0,2,1
88985,SR,North,renfrew,low,0,12,2
88985,SR,North,renfrew,med,0,0,0
88985,SR,North,renfrew,hig,2,4,2
88985,SR,East,renfrew,low,0,10,1
88985,SR,East,renfrew,med,0,3,1
88985,SR,East,renfrew,hig,0,6,1
88985,SR,South,renfrew,low,NA,NA,NA
88985,SR,South,renfrew,med,NA,NA,NA
88985,SR,South,renfrew,hig,NA,NA,NA
88985,SR,West,renfrew,low,0,3,1
88985,SR,West,renfrew,med,0,10,1
88985,SR,West,renfrew,hig,0,0,0
85645,SR,North,renfrew,low,0,8,2
85645,SR,North,renfrew,med,0,6,2
85645,SR,North,renfrew,hig,0,12,2
85645,SR,East,renfrew,low,0,7,2
85645,SR,East,renfrew,med,0,7,2
85645,SR,East,renfrew,hig,0,15,1
85645,SR,South,renfrew,low,0,21,1
85645,SR,South,renfrew,med,0,19,3
85645,SR,South,renfrew,hig,0,23,3
85645,SR,West,renfrew,low,0,8,2
85645,SR,West,renfrew,med,0,0,0
85645,SR,West,renfrew,hig,0,8,1
79590,NR,North,renfrew,low,10,0,1
79590,NR,North,renfrew,med,0,4,1
79590,NR,North,renfrew,hig,5,0,1
79590,NR,East,renfrew,low,25,0,1
79590,NR,East,renfrew,med,6,2,2
79590,NR,East,renfrew,hig,4,5,2
79590,NR,South,renfrew,low,13,3,2
79590,NR,South,renfrew,med,9,0,1
79590,NR,South,renfrew,hig,2,6,2
79590,NR,West,renfrew,low,25,0,1
79590,NR,West,renfrew,med,5,0,1
79590,NR,West,renfrew,hig,13,0,1
79585,NR,North,renfrew,low,0,2,1
79585,NR,North,renfrew,med,0,0,0
79585,NR,North,renfrew,hig,0,5,2
79585,NR,East,renfrew,low,0,0,0
79585,NR,East,renfrew,med,0,0,0
79585,NR,East,renfrew,hig,0,0,0
79585,NR,South,renfrew,low,0,0,0
79585,NR,South,renfrew,med,0,0,0
79585,NR,South,renfrew,hig,0,0,0
79585,NR,West,renfrew,low,0,0,0
79585,NR,West,renfrew,med,0,4,1
79585,NR,West,renfrew,hig,0,0,0
218895,NR,North,renfrew,low,0,3,1
218895,NR,North,renfrew,med,0,2,1
218895,NR,North,renfrew,hig,2,16,0
218895,NR,East,renfrew,low,0,13,2
218895,NR,East,renfrew,med,0,20,2
218895,NR,East,renfrew,hig,7,6,3
218895,NR,South,renfrew,low,0,20,2
218895,NR,South,renfrew,med,0,25,3
218895,NR,South,renfrew,hig,1,25,3
218895,NR,West,renfrew,low,0,10,2
218895,NR,West,renfrew,med,0,15,3
218895,NR,West,renfrew,hig,1,22,3
280627,NR,North,renfrew,low,0,2,1
280627,NR,North,renfrew,med,6,2,2
280627,NR,North,renfrew,hig,0,4,1
280627,NR,East,renfrew,low,3,20,3
280627,NR,East,renfrew,med,13,5,3
280627,NR,East,renfrew,hig,0,19,3
280627,NR,South,renfrew,low,0,18,3
280627,NR,South,renfrew,med,1,13,3
280627,NR,South,renfrew,hig,6,5,3
280627,NR,West,renfrew,low,0,22,2
280627,NR,West,renfrew,med,0,0,0
280627,NR,West,renfrew,hig,0,4,2
280628,NR,North,renfrew,low,0,13,2
280628,NR,North,renfrew,med,1,2,3
280628,NR,North,renfrew,hig,0,2,1
280628,NR,East,renfrew,low,2,11,3
280628,NR,East,renfrew,med,3,2,2
280628,NR,East,renfrew,hig,0,12,3
280628,NR,South,renfrew,low,0,20,2
280628,NR,South,renfrew,med,0,4,2
280628,NR,South,renfrew,hig,0,11,3
280628,NR,West,renfrew,low,0,3,2
280628,NR,West,renfrew,med,0,8,2
280628,NR,West,renfrew,hig,2,1,2
258656,NR,North,renfrew,low,0,2,1
258656,NR,North,renfrew,med,0,4,2
258656,NR,North,renfrew,hig,0,12,2
258656,NR,East,renfrew,low,0,1,1
258656,NR,East,renfrew,med,0,5,1
258656,NR,East,renfrew,hig,0,0,0
258656,NR,South,renfrew,low,5,10,2
258656,NR,South,renfrew,med,11,11,3
258656,NR,South,renfrew,hig,2,4,2
258656,NR,West,renfrew,low,0,0,0
258656,NR,West,renfrew,med,0,4,2
258656,NR,West,renfrew,hig,0,11,2
191758,NR,North,renfrew,low,NA,NA,NA
191758,NR,North,renfrew,med,NA,NA,NA
191758,NR,North,renfrew,hig,NA,NA,NA
191758,NR,East,renfrew,low,2,2,2
191758,NR,East,renfrew,med,0,3,1
191758,NR,East,renfrew,hig,0,3,1
191758,NR,South,renfrew,low,2,1,2
191758,NR,South,renfrew,med,0,3,1
191758,NR,South,renfrew,hig,0,1,1
191758,NR,West,renfrew,low,0,15,1
191758,NR,West,renfrew,med,0,15,1
191758,NR,West,renfrew,hig,0,15,1
191761,NR,North,renfrew,low,NA,NA,NA
191761,NR,North,renfrew,med,NA,NA,NA
191761,NR,North,renfrew,hig,NA,NA,NA
191761,NR,East,renfrew,low,0,10,2
191761,NR,East,renfrew,med,0,15,2
191761,NR,East,renfrew,hig,0,4,1
191761,NR,South,renfrew,low,0,15,1
191761,NR,South,renfrew,med,4,3,2
191761,NR,South,renfrew,hig,0,25,1
191761,NR,West,renfrew,low,4,2,2
191761,NR,West,renfrew,med,0,3,1
191761,NR,West,renfrew,hig,4,0,1
245565,Median E/W,North,renfrew,low,10,2,2
245565,Median E/W,North,renfrew,med,16,2,2
245565,Median E/W,North,renfrew,hig,7,20,3
245565,Median E/W,East,renfrew,low,0,15,3
245565,Median E/W,East,renfrew,med,0,11,2
245565,Median E/W,East,renfrew,hig,0,20,2
245565,Median E/W,South,renfrew,low,0,8,2
245565,Median E/W,South,renfrew,med,3,8,3
245565,Median E/W,South,renfrew,hig,17,2,2
245565,Median E/W,West,renfrew,low,0,15,2
245565,Median E/W,West,renfrew,med,0,25,2
245565,Median E/W,West,renfrew,hig,0,25,2
181757,SR,North,renfrew,low,22,0,1
181757,SR,North,renfrew,med,21,1,2
181757,SR,North,renfrew,hig,25,0,1
181757,SR,East,renfrew,low,25,0,1
181757,SR,East,renfrew,med,0,0,0
181757,SR,East,renfrew,hig,0,2,2
181757,SR,South,renfrew,low,0,0,0
181757,SR,South,renfrew,med,1,2,2
181757,SR,South,renfrew,hig,0,5,1
181757,SR,West,renfrew,low,0,0,0
181757,SR,West,renfrew,med,7,0,1
181757,SR,West,renfrew,hig,0,1,1
181758,SR,North,renfrew,low,0,0,0
181758,SR,North,renfrew,med,0,0,0
181758,SR,North,renfrew,hig,2,2,2
181758,SR,East,renfrew,low,0,7,2
181758,SR,East,renfrew,med,0,0,0
181758,SR,East,renfrew,hig,0,0,0
181758,SR,South,renfrew,low,0,9,1
181758,SR,South,renfrew,med,0,9,2
181758,SR,South,renfrew,hig,0,14,2
181758,SR,West,renfrew,low,0,5,1
181758,SR,West,renfrew,med,0,0,0
181758,SR,West,renfrew,hig,0,2,1
181759,SR,North,renfrew,low,25,0,1
181759,SR,North,renfrew,med,25,0,1
181759,SR,North,renfrew,hig,10,2,2
181759,SR,East,renfrew,low,0,2,1
181759,SR,East,renfrew,med,2,0,1
181759,SR,East,renfrew,hig,2,4,2
181759,SR,South,renfrew,low,0,16,2
181759,SR,South,renfrew,med,0,7,2
181759,SR,South,renfrew,hig,0,5,2
181759,SR,West,renfrew,low,0,25,1
181759,SR,West,renfrew,med,0,3,2
181759,SR,West,renfrew,hig,0,4,2
181760,SR,North,renfrew,low,25,0,1
181760,SR,North,renfrew,med,0,0,0
181760,SR,North,renfrew,hig,0,9,1
181760,SR,East,renfrew,low,0,0,0
181760,SR,East,renfrew,med,0,1,1
181760,SR,East,renfrew,hig,0,0,0
181760,SR,South,renfrew,low,0,4,1
181760,SR,South,renfrew,med,0,0,0
181760,SR,South,renfrew,hig,0,2,2
181760,SR,West,renfrew,low,25,0,1
181760,SR,West,renfrew,med,0,2,1
181760,SR,West,renfrew,hig,0,4,1
226758,SR,North,renfrew,low,0,15,2
226758,SR,North,renfrew,med,0,7,3
226758,SR,North,renfrew,hig,2,3,2
226758,SR,East,renfrew,low,0,4,2
226758,SR,East,renfrew,med,0,3,2
226758,SR,East,renfrew,hig,0,8,2
226758,SR,South,renfrew,low,0,8,3
226758,SR,South,renfrew,med,0,4,2
226758,SR,South,renfrew,hig,4,2,2
226758,SR,West,renfrew,low,0,4,2
226758,SR,West,renfrew,med,2,8,2
226758,SR,West,renfrew,hig,5,9,3
175724,ER,North,renfrew,low,2,4,2
175724,ER,North,renfrew,med,14,5,2
175724,ER,North,renfrew,hig,13,0,1
175724,ER,East,renfrew,low,0,4,3
175724,ER,East,renfrew,med,6,4,2
175724,ER,East,renfrew,hig,20,0,1
175724,ER,South,renfrew,low,0,3,2
175724,ER,South,renfrew,med,9,2,2
175724,ER,South,renfrew,hig,16,4,3
175724,ER,West,renfrew,low,0,18,2
175724,ER,West,renfrew,med,11,3,3
175724,ER,West,renfrew,hig,13,2,2
175682,WR,North,renfrew,low,0,5,1
175682,WR,North,renfrew,med,0,1,1
175682,WR,North,renfrew,hig,0,2,1
175682,WR,East,renfrew,low,0,0,0
175682,WR,East,renfrew,med,0,4,2
175682,WR,East,renfrew,hig,0,0,0
175682,WR,South,renfrew,low,0,4,2
175682,WR,South,renfrew,med,0,3,1
175682,WR,South,renfrew,hig,0,8,1
175682,WR,West,renfrew,low,0,0,0
175682,WR,West,renfrew,med,0,4,2
175682,WR,West,renfrew,hig,0,0,0
175679,WR,North,renfrew,low,0,0,0
175679,WR,North,renfrew,med,0,0,0
175679,WR,North,renfrew,hig,0,0,0
175679,WR,East,renfrew,low,0,0,0
175679,WR,East,renfrew,med,0,4,1
175679,WR,East,renfrew,hig,0,5,2
175679,WR,South,renfrew,low,0,0,0
175679,WR,South,renfrew,med,0,5,2
175679,WR,South,renfrew,hig,0,10,1
175679,WR,West,renfrew,low,0,3,2
175679,WR,West,renfrew,med,7,4,2
175679,WR,West,renfrew,hig,0,4,1
175796,ER,North,renfrew,low,0,3,1
175796,ER,North,renfrew,med,3,1,2
175796,ER,North,renfrew,hig,2,3,2
175796,ER,East,renfrew,low,0,9,2
175796,ER,East,renfrew,med,0,2,1
175796,ER,East,renfrew,hig,0,5,2
175796,ER,South,renfrew,low,0,0,0
175796,ER,South,renfrew,med,4,3,2
175796,ER,South,renfrew,hig,0,0,0
175796,ER,West,renfrew,low,0,9,2
175796,ER,West,renfrew,med,0,11,2
175796,ER,West,renfrew,hig,0,20,1
26357,NR,North,renfrew,low,0,11,2
26357,NR,North,renfrew,med,0,11,2
26357,NR,North,renfrew,hig,0,10,2
26357,NR,East,renfrew,low,0,20,2
26357,NR,East,renfrew,med,0,6,2
26357,NR,East,renfrew,hig,0,9,2
26357,NR,South,renfrew,low,0,4,2
26357,NR,South,renfrew,med,0,7,2
26357,NR,South,renfrew,hig,0,5,1
26357,NR,West,renfrew,low,0,25,2
26357,NR,West,renfrew,med,0,25,2
26357,NR,West,renfrew,hig,0,20,1
147271,SR,North,renfrew,low,NA,NA,NA
147271,SR,North,renfrew,med,NA,NA,NA
147271,SR,North,renfrew,hig,NA,NA,NA
147271,SR,East,renfrew,low,NA,NA,NA
147271,SR,East,renfrew,med,NA,NA,NA
147271,SR,East,renfrew,hig,NA,NA,NA
147271,SR,South,renfrew,low,NA,NA,NA
147271,SR,South,renfrew,med,NA,NA,NA
147271,SR,South,renfrew,hig,NA,NA,NA
147271,SR,West,renfrew,low,NA,NA,NA
147271,SR,West,renfrew,med,NA,NA,NA
147271,SR,West,renfrew,hig,NA,NA,NA
146182,NR,North,renfrew,low,0,10,3
146182,NR,North,renfrew,med,0,6,2
146182,NR,North,renfrew,hig,0,11,2
146182,NR,East,renfrew,low,0,12,3
146182,NR,East,renfrew,med,2,4,3
146182,NR,East,renfrew,hig,0,12,3
146182,NR,South,renfrew,low,0,3,2
146182,NR,South,renfrew,med,0,5,2
146182,NR,South,renfrew,hig,1,2,2
146182,NR,West,renfrew,low,0,8,2
146182,NR,West,renfrew,med,0,8,2
146182,NR,West,renfrew,hig,5,15,3
97662,NR,North,renfrew,low,11,4,2
97662,NR,North,renfrew,med,20,1,2
97662,NR,North,renfrew,hig,3,2,3
97662,NR,East,renfrew,low,0,0,0
97662,NR,East,renfrew,med,1,0,1
97662,NR,East,renfrew,hig,0,4,2
97662,NR,South,renfrew,low,3,4,3
97662,NR,South,renfrew,med,0,5,2
97662,NR,South,renfrew,hig,0,10,2
97662,NR,West,renfrew,low,0,9,3
97662,NR,West,renfrew,med,0,7,2
97662,NR,West,renfrew,hig,0,9,2
228044,ER,North,renfrew,low,0,0,0
228044,ER,North,renfrew,med,0,0,0
228044,ER,North,renfrew,hig,0,0,0
228044,ER,East,renfrew,low,0,0,0
228044,ER,East,renfrew,med,0,3,1
228044,ER,East,renfrew,hig,0,6,1
228044,ER,South,renfrew,low,0,7,1
228044,ER,South,renfrew,med,0,6,1
228044,ER,South,renfrew,hig,0,13,1
228044,ER,West,renfrew,low,0,8,1
228044,ER,West,renfrew,med,0,8,1
228044,ER,West,renfrew,hig,0,8,1
61118,ER,North,renfrew,low,0,8,2
61118,ER,North,renfrew,med,0,12,2
61118,ER,North,renfrew,hig,0,11,2
61118,ER,East,renfrew,low,0,8,2
61118,ER,East,renfrew,med,0,15,2
61118,ER,East,renfrew,hig,0,0,0
61118,ER,South,renfrew,low,0,4,3
61118,ER,South,renfrew,med,0,18,3
61118,ER,South,renfrew,hig,0,25,2
61118,ER,West,renfrew,low,0,25,2
61118,ER,West,renfrew,med,0,25,2
61118,ER,West,renfrew,hig,0,25,2
61129,ER,North,renfrew,low,0,0,0
61129,ER,North,renfrew,med,0,2,2
61129,ER,North,renfrew,hig,0,0,0
61129,ER,East,renfrew,low,0,25,3
61129,ER,East,renfrew,med,0,25,3
61129,ER,East,renfrew,hig,0,25,3
61129,ER,South,renfrew,low,2,22,3
61129,ER,South,renfrew,med,2,22,3
61129,ER,South,renfrew,hig,0,25,3
61129,ER,West,renfrew,low,2,9,3
61129,ER,West,renfrew,med,0,10,2
61129,ER,West,renfrew,hig,0,15,2
61137,ER,North,renfrew,low,0,3,1
61137,ER,North,renfrew,med,0,3,1
61137,ER,North,renfrew,hig,0,2,1
61137,ER,East,renfrew,low,0,13,2
61137,ER,East,renfrew,med,0,12,2
61137,ER,East,renfrew,hig,0,5,2
61137,ER,South,renfrew,low,1,23,2
61137,ER,South,renfrew,med,6,15,4
61137,ER,South,renfrew,hig,0,10,2
61137,ER,West,renfrew,low,0,25,3
61137,ER,West,renfrew,med,0,7,3
61137,ER,West,renfrew,hig,0,4,3
121806,ER,North,renfrew,low,0,0,0
121806,ER,North,renfrew,med,0,3,1
121806,ER,North,renfrew,hig,0,4,2
121806,ER,East,renfrew,low,0,12,2
121806,ER,East,renfrew,med,0,15,3
121806,ER,East,renfrew,hig,0,8,2
121806,ER,South,renfrew,low,0,8,2
121806,ER,South,renfrew,med,0,23,2
121806,ER,South,renfrew,hig,0,23,2
121806,ER,West,renfrew,low,0,10,2
121806,ER,West,renfrew,med,0,0,0
121806,ER,West,renfrew,hig,0,0,0
275326,ER,North,renfrew,low,0,4,2
275326,ER,North,renfrew,med,0,4,2
275326,ER,North,renfrew,hig,1,3,3
275326,ER,East,renfrew,low,2,10,3
275326,ER,East,renfrew,med,0,8,2
275326,ER,East,renfrew,hig,0,4,2
275326,ER,South,renfrew,low,0,15,1
275326,ER,South,renfrew,med,2,18,4
275326,ER,South,renfrew,hig,3,5,4
275326,ER,West,renfrew,low,0,5,1
275326,ER,West,renfrew,med,0,0,0
275326,ER,West,renfrew,hig,0,3,2
184553,ER,North,renfrew,low,0,0,1
184553,ER,North,renfrew,med,0,3,1
184553,ER,North,renfrew,hig,0,0,0
184553,ER,East,renfrew,low,0,5,1
184553,ER,East,renfrew,med,0,20,1
184553,ER,East,renfrew,hig,0,15,1
184553,ER,South,renfrew,low,0,8,3
184553,ER,South,renfrew,med,0,4,3
184553,ER,South,renfrew,hig,0,7,2
184553,ER,West,renfrew,low,0,0,0
184553,ER,West,renfrew,med,3,3,2
184553,ER,West,renfrew,hig,0,8,1
163968,NR,North,renfrew,low,0,6,2
163968,NR,North,renfrew,med,2,3,2
163968,NR,North,renfrew,hig,10,2,3
163968,NR,East,renfrew,low,0,8,2
163968,NR,East,renfrew,med,2,10,3
163968,NR,East,renfrew,hig,9,3,2
163968,NR,South,renfrew,low,0,1,1
163968,NR,South,renfrew,med,0,3,1
163968,NR,South,renfrew,hig,0,11,3
163968,NR,West,renfrew,low,0,4,1
163968,NR,West,renfrew,med,0,0,0
163968,NR,West,renfrew,hig,6,7,3
163920,NR,North,renfrew,low,0,14,2
163920,NR,North,renfrew,med,0,0,2
163920,NR,North,renfrew,hig,0,0,1
163920,NR,East,renfrew,low,0,24,3
163920,NR,East,renfrew,med,2,4,3
163920,NR,East,renfrew,hig,7,5,3
163920,NR,South,renfrew,low,0,4,2
163920,NR,South,renfrew,med,0,2,1
163920,NR,South,renfrew,hig,0,11,3
163920,NR,West,renfrew,low,0,3,3
163920,NR,West,renfrew,med,0,0,0
163920,NR,West,renfrew,hig,1,0,3
165414,SR,North,renfrew,low,2,20,4
165414,SR,North,renfrew,med,22,0,1
165414,SR,North,renfrew,hig,10,0,2
165414,SR,East,renfrew,low,12,2,3
165414,SR,East,renfrew,med,11,2,3
165414,SR,East,renfrew,hig,0,0,0
165414,SR,South,renfrew,low,0,5,2
165414,SR,South,renfrew,med,0,6,2
165414,SR,South,renfrew,hig,0,7,2
165414,SR,West,renfrew,low,0,2,1
165414,SR,West,renfrew,med,0,0,2
165414,SR,West,renfrew,hig,20,0,2
112265,WR,North,renfrew,low,0,25,1
112265,WR,North,renfrew,med,0,25,1
112265,WR,North,renfrew,hig,0,25,1
112265,WR,East,renfrew,low,0,23,2
112265,WR,East,renfrew,med,0,20,2
112265,WR,East,renfrew,hig,0,0,0
112265,WR,South,renfrew,low,0,0,0
112265,WR,South,renfrew,med,0,0,0
112265,WR,South,renfrew,hig,0,0,0
112265,WR,West,renfrew,low,0,25,1
112265,WR,West,renfrew,med,0,25,1
112265,WR,West,renfrew,hig,0,25,1
112266,NA Cut,North,renfrew,low,NA,NA,NA
112266,NA Cut,North,renfrew,med,NA,NA,NA
112266,NA Cut,North,renfrew,hig,NA,NA,NA
112266,NA Cut,East,renfrew,low,NA,NA,NA
112266,NA Cut,East,renfrew,med,NA,NA,NA
112266,NA Cut,East,renfrew,hig,NA,NA,NA
112266,NA Cut,South,renfrew,low,NA,NA,NA
112266,NA Cut,South,renfrew,med,NA,NA,NA
112266,NA Cut,South,renfrew,hig,NA,NA,NA
112266,NA Cut,West,renfrew,low,NA,NA,NA
112266,NA Cut,West,renfrew,med,NA,NA,NA
112266,NA Cut,West,renfrew,hig,NA,NA,NA
118681,NR,North,renfrew,low,0,23,3
118681,NR,North,renfrew,med,0,24,3
118681,NR,North,renfrew,hig,0,7,3
118681,NR,East,renfrew,low,0,20,2
118681,NR,East,renfrew,med,0,23,3
118681,NR,East,renfrew,hig,0,24,3
118681,NR,South,renfrew,low,6,10,3
118681,NR,South,renfrew,med,0,20,3
118681,NR,South,renfrew,hig,0,22,3
118681,NR,West,renfrew,low,0,15,3
118681,NR,West,renfrew,med,0,13,3
118681,NR,West,renfrew,hig,0,14,3
181756,SR,North,renfrew,low,0,0,0
181756,SR,North,renfrew,med,0,2,1
181756,SR,North,renfrew,hig,0,0,0
181756,SR,East,renfrew,low,0,0,0
181756,SR,East,renfrew,med,0,3,1
181756,SR,East,renfrew,hig,2,2,2
181756,SR,South,renfrew,low,0,0,0
181756,SR,South,renfrew,med,0,0,0
181756,SR,South,renfrew,hig,1,5,2
181756,SR,West,renfrew,low,0,0,0
181756,SR,West,renfrew,med,0,0,0
181756,SR,West,renfrew,hig,0,3,1
