"","tree_id","neighbourhood_name","road_side","mean_bryo_cover","mean_lichen_cover","mean_species_count","CIVIC_NUMBER","STD_STREET","GENUS_NAME","SPECIES_NAME","CULTIVAR_NAME","COMMON_NAME","ON_STREET_BLOCK","ON_STREET","NEIGHBOURHOOD_NAME","STREET_SIDE_NAME","HEIGHT_RANGE_ID","HEIGHT_RANGE","DIAMETER","DATE_PLANTED","Geom","geo_point_2d","gen_spec","lat","lon","Road"
"1",543,"kits","NR",3.75,1.41666666666667,1.08333333333333,1854,"W 1ST AV","PRUNUS","SERRULATA","SHIROTAE","SHIROTAE(MT FUJI) CHERRY",1800,"W 1ST AV","KITSILANO","EVEN",2,"20-30",12,"","{""coordinates"": [-123.14674100016593, 49.27061899927704], ""type"": ""Point""}","49.27061899927704, -123.14674100016593","PRUNUS SERRULATA",49.270618999277,-123.146741000166,"Residential"
"2",2543,"kits","WR",0,1.5,1,1897,"W 3RD AV","PRUNUS","CERASIFERA","ATROPURPUREA","PISSARD PLUM",1800,"CYPRESS ST","KITSILANO","EVEN",3,"30-40",18,"","{""coordinates"": [-123.14785699949846, 49.26914899891651], ""type"": ""Point""}","49.26914899891651, -123.14785699949846","PRUNUS CERASIFERA",49.2691489989165,-123.147856999498,"Residential"
"3",2574,"kits","removal",NA,NA,NA,2300,"W 3RD AV","ACER","PLATANOIDES","","NORWAY MAPLE",2300,"W 3RD AV","KITSILANO","EVEN",3,"30-40",14.5,"","{""coordinates"": [-123.15812999933318, 49.269031999159914], ""type"": ""Point""}","49.269031999159914, -123.15812999933318","ACER PLATANOIDES",49.2690319991599,-123.158129999333,"Residential"
"4",3465,"kits","NR",0,0,0,3348,"W 4TH AV","CARPINUS","BETULUS","FASTIGIATA","PYRAMIDAL EUROPEAN HORNBEAM",3300,"W 4TH AV","KITSILANO","EVEN",4,"40-50",10.5,"","{""coordinates"": [-123.17789999979364, 49.26839999871082], ""type"": ""Point""}","49.26839999871082, -123.17789999979364","CARPINUS BETULUS",49.2683999987108,-123.177899999794,"Residential"
"5",3469,"kits","NR",0,0.166666666666667,0.0833333333333333,3348,"W 4TH AV","CARPINUS","BETULUS","FASTIGIATA","PYRAMIDAL EUROPEAN HORNBEAM",3300,"W 4TH AV","KITSILANO","EVEN",4,"40-50",17.5,"","{""coordinates"": [-123.1786600005201, 49.26840999899412], ""type"": ""Point""}","49.26840999899412, -123.1786600005201","CARPINUS BETULUS",49.2684099989941,-123.17866000052,"Arterial"
"6",3479,"kits","NR",0,0.5,0.25,3398,"W 4TH AV","CARPINUS","BETULUS","FASTIGIATA","PYRAMIDAL EUROPEAN HORNBEAM",3300,"W 4TH AV","KITSILANO","EVEN",4,"40-50",15,"","{""coordinates"": [-123.1787099997046, 49.26839999906361], ""type"": ""Point""}","49.26839999906361, -123.1787099997046","CARPINUS BETULUS",49.2683999990636,-123.178709999705,"Arterial"
"7",3480,"kits","NR",0,1.16666666666667,0.333333333333333,3398,"W 4TH AV","CARPINUS","BETULUS","FASTIGIATA","PYRAMIDAL EUROPEAN HORNBEAM",3300,"W 4TH AV","KITSILANO","EVEN",4,"40-50",12,"","{""coordinates"": [-123.17875999964718, 49.26840999904388], ""type"": ""Point""}","49.26840999904388, -123.17875999964718","CARPINUS BETULUS",49.2684099990439,-123.178759999647,"Arterial"
"8",3481,"kits","NR",0.583333333333333,5.66666666666667,1.25,3398,"W 4TH AV","CARPINUS","BETULUS","FASTIGIATA","PYRAMIDAL EUROPEAN HORNBEAM",3300,"W 4TH AV","KITSILANO","EVEN",4,"40-50",12,"","{""coordinates"": [-123.17880000039828, 49.26840999921774], ""type"": ""Point""}","49.26840999921774, -123.17880000039828","CARPINUS BETULUS",49.2684099992177,-123.178800000398,"Arterial"
"9",5494,"kits","NR",16.1666666666667,3.5,2.5,3482,"W 6TH AV","ACER","PLATANOIDES","","NORWAY MAPLE",3400,"W 6TH AV","KITSILANO","EVEN",5,"50-60",27,"","{""coordinates"": [-123.18146000065842, 49.26678999883973], ""type"": ""Point""}","49.26678999883973, -123.18146000065842","ACER PLATANOIDES",49.2667899988397,-123.181460000658,"Residential"
"10",8074,"kits","SR",5.83333333333333,4.08333333333333,1,1855,"W 8TH AV","PRUNUS","SERRULATA","KWANZAN","KWANZAN FLOWERING CHERRY",1800,"W 8TH AV","KITSILANO","ODD",2,"20-30",16,"1991-10-04","{""coordinates"": [-123.147190000482, 49.26469699931508], ""type"": ""Point""}","49.26469699931508, -123.147190000482","PRUNUS SERRULATA",49.2646969993151,-123.147190000482,"Residential"
"11",8086,"kits","NR",0.5,5.16666666666667,1.41666666666667,1950,"W 8TH AV","PRUNUS","SERRULATA","KWANZAN","KWANZAN FLOWERING CHERRY",1900,"W 8TH AV","KITSILANO","EVEN",2,"20-30",10,"","{""coordinates"": [-123.14928900013639, 49.26463299946735], ""type"": ""Point""}","49.26463299946735, -123.14928900013639","PRUNUS SERRULATA",49.2646329994674,-123.149289000136,"Residential"
"12",9817,"kits","NR",4.33333333333333,6.75,1.33333333333333,2496,"W 10TH AV","PRUNUS","SERRULATA","KWANZAN","KWANZAN FLOWERING CHERRY",2400,"W 10TH AV","KITSILANO","EVEN",3,"30-40",25,"","{""coordinates"": [-123.16224199941419, 49.262966998624556], ""type"": ""Point""}","49.262966998624556, -123.16224199941419","PRUNUS SERRULATA",49.2629669986246,-123.162241999414,"Residential"
"13",10851,"kits","SR",5.58333333333333,4.33333333333333,1.58333333333333,2641,"W 11TH AV","ACER","PLATANOIDES","","NORWAY MAPLE",2600,"W 11TH AV","KITSILANO","ODD",5,"50-60",24,"","{""coordinates"": [-123.16566099941507, 49.2622889994595], ""type"": ""Point""}","49.2622889994595, -123.16566099941507","ACER PLATANOIDES",49.2622889994595,-123.165660999415,"Residential"
"14",10956,"kits","Removed",NA,NA,NA,3173,"W 11TH AV","ACER","PLATANOIDES","","NORWAY MAPLE",3100,"W 11TH AV","KITSILANO","ODD",4,"40-50",12.5,"","{""coordinates"": [-123.17548999972838, 49.26243999864388], ""type"": ""Point""}","49.26243999864388, -123.17548999972838","ACER PLATANOIDES",49.2624399986439,-123.175489999728,"Residential"
"15",13335,"kits","NR",11.8333333333333,2.16666666666667,1.41666666666667,2945,"ARBUTUS ST","ACER","PLATANOIDES","","NORWAY MAPLE",2100,"W 13TH AV","KITSILANO","EVEN",5,"50-60",26,"","{""coordinates"": [-123.15326900002938, 49.26001899879992], ""type"": ""Point""}","49.26001899879992, -123.15326900002938","ACER PLATANOIDES",49.2600189987999,-123.153269000029,"Arterial"
"16",13340,"kits","SR",1.33333333333333,0.0833333333333333,0.333333333333333,2525,"W 4TH AV","FAGUS","SYLVATICA","","EUROPEAN BEECH",2500,"W 4TH AV","KITSILANO","ODD",4,"40-50",15,"","{""coordinates"": [-123.1632909994161, 49.268396998843535], ""type"": ""Point""}","49.268396998843535, -123.1632909994161","FAGUS SYLVATICA",49.2683969988435,-123.163290999416,"Arterial"
"17",13387,"kits","SR",19.75,0.0833333333333333,1.91666666666667,2237,"W 13TH AV","ACER","PLATANOIDES","","NORWAY MAPLE",2200,"W 13TH AV","KITSILANO","ODD",5,"50-60",30,"","{""coordinates"": [-123.15639500031234, 49.260157999089344], ""type"": ""Point""}","49.260157999089344, -123.15639500031234","ACER PLATANOIDES",49.2601579990893,-123.156395000312,"Residential"
"18",13503,"kits","SR",15,0.0833333333333333,1.33333333333333,2679,"W 13TH AV","ACER","PLATANOIDES","","NORWAY MAPLE",2600,"W 13TH AV","KITSILANO","ODD",7,"70-80",26.5,"","{""coordinates"": [-123.16603799973593, 49.26048299946856], ""type"": ""Point""}","49.26048299946856, -123.16603799973593","ACER PLATANOIDES",49.2604829994686,-123.166037999736,"Residential"
"19",13515,"kits","NR",5.58333333333333,11,2.41666666666667,2718,"W 13TH AV","FAGUS","SYLVATICA","ATROPUNICEA","PURPLE BEECH",2700,"W 13TH AV","KITSILANO","EVEN",8,"80-90",36,"","{""coordinates"": [-123.16688999996634, 49.26040999912159], ""type"": ""Point""}","49.26040999912159, -123.16688999996634","FAGUS SYLVATICA",49.2604099991216,-123.166889999966,"Residential"
"20",13519,"kits","SR",5.08333333333333,3.5,1.33333333333333,2743,"W 13TH AV","FAGUS","SYLVATICA","ATROPUNICEA","PURPLE BEECH",2700,"W 13TH AV","KITSILANO","ODD",8,"80-90",30,"","{""coordinates"": [-123.1673599993346, 49.2604999991293], ""type"": ""Point""}","49.2604999991293, -123.1673599993346","FAGUS SYLVATICA",49.2604999991293,-123.167359999335,"Residential"
"21",13521,"kits","SR",6.83333333333333,8.08333333333333,2.08333333333333,2751,"W 13TH AV","FAGUS","SYLVATICA","ATROPUNICEA","PURPLE BEECH",2700,"W 13TH AV","KITSILANO","ODD",8,"80-90",33.5,"","{""coordinates"": [-123.16750999963746, 49.260509999417295], ""type"": ""Point""}","49.260509999417295, -123.16750999963746","FAGUS SYLVATICA",49.2605099994173,-123.167509999637,"Residential"
"22",13524,"kits","SR",1.41666666666667,5.16666666666667,1.41666666666667,2765,"W 13TH AV","FAGUS","SYLVATICA","ATROPUNICEA","PURPLE BEECH",2700,"W 13TH AV","KITSILANO","ODD",8,"80-90",33.5,"","{""coordinates"": [-123.16780999995576, 49.2605099994502], ""type"": ""Point""}","49.2605099994502, -123.16780999995576","FAGUS SYLVATICA",49.2605099994502,-123.167809999956,"Residential"
"23",13681,"kits","SR",10.5,1.41666666666667,1.16666666666667,3309,"W 13TH AV","ACER","PLATANOIDES","","NORWAY MAPLE",3300,"W 13TH AV","KITSILANO","ODD",5,"50-60",32,"","{""coordinates"": [-123.17830999973653, 49.26066999889606], ""type"": ""Point""}","49.26066999889606, -123.17830999973653","ACER PLATANOIDES",49.2606699988961,-123.178309999737,"Residential"
"24",13704,"kits","SR",2.5,7,1,3447,"W 13TH AV","FAGUS","SYLVATICA","ROHANII","FERNLEAF COPPER BEECH",3400,"W 13TH AV","KITSILANO","ODD",7,"70-80",36,"","{""coordinates"": [-123.18119999944479, 49.26071999924542], ""type"": ""Point""}","49.26071999924542, -123.18119999944479","FAGUS SYLVATICA",49.2607199992454,-123.181199999445,"Residential"
"25",14793,"kits","NR",9.5,4.33333333333333,2.5,2228,"W 14TH AV","FAGUS","SYLVATICA","","EUROPEAN BEECH",2200,"W 14TH AV","KITSILANO","EVEN",4,"40-50",14,"","{""coordinates"": [-123.15624300055107, 49.259146998671014], ""type"": ""Point""}","49.259146998671014, -123.15624300055107","FAGUS SYLVATICA",49.259146998671,-123.156243000551,"Residential"
"26",14801,"kits","NR",1.66666666666667,13.5833333333333,2.75,2276,"W 14TH AV","FAGUS","SYLVATICA","","EUROPEAN BEECH",2200,"W 14TH AV","KITSILANO","EVEN",3,"30-40",15,"","{""coordinates"": [-123.15719199979651, 49.259160998800866], ""type"": ""Point""}","49.259160998800866, -123.15719199979651","FAGUS SYLVATICA",49.2591609988009,-123.157191999797,"Residential"
"27",15739,"kits","SR",1,0,0.0833333333333333,2525,"W 4TH AV","FAGUS","SYLVATICA","","EUROPEAN BEECH",2500,"W 4TH AV","KITSILANO","ODD",4,"40-50",16.5,"","{""coordinates"": [-123.163163999421, 49.26839499871819], ""type"": ""Point""}","49.26839499871819, -123.163163999421","FAGUS SYLVATICA",49.2683949987182,-123.163163999421,"Arterial"
"28",16208,"kits","NR",4.75,2.91666666666667,1.08333333333333,2396,"W 15TH AV","ACER","PSEUDOPLATANUS","","SYCAMORE MAPLE",2300,"W 15TH AV","KITSILANO","EVEN",5,"50-60",17,"","{""coordinates"": [-123.16004899961808, 49.25828299867776], ""type"": ""Point""}","49.25828299867776, -123.16004899961808","ACER PSEUDOPLATANUS",49.2582829986778,-123.160048999618,"Residential"
"29",16294,"kits","NR",13.4166666666667,2.08333333333333,1.83333333333333,2536,"W 15TH AV","ACER","PLATANOIDES","","NORWAY MAPLE",2500,"W 15TH AV","KITSILANO","EVEN",6,"60-70",28,"","{""coordinates"": [-123.1635240001912, 49.25833299897246], ""type"": ""Point""}","49.25833299897246, -123.1635240001912","ACER PLATANOIDES",49.2583329989725,-123.163524000191,"Residential"
"30",16295,"kits","SR",13.3333333333333,3.75,1.33333333333333,2545,"W 15TH AV","ACER","PLATANOIDES","","NORWAY MAPLE",2500,"W 15TH AV","KITSILANO","ODD",5,"50-60",32,"","{""coordinates"": [-123.16370400005968, 49.258443998718285], ""type"": ""Point""}","49.258443998718285, -123.16370400005968","ACER PLATANOIDES",49.2584439987183,-123.16370400006,"Residential"
"31",16452,"kits","NR",18.0833333333333,0.416666666666667,1.5,3274,"W 15TH AV","ACER","PLATANOIDES","","NORWAY MAPLE",3200,"W 15TH AV","KITSILANO","EVEN",6,"60-70",20,"","{""coordinates"": [-123.17749000022913, 49.258759999338416], ""type"": ""Point""}","49.258759999338416, -123.17749000022913","ACER PLATANOIDES",49.2587599993384,-123.177490000229,"Residential"
"32",16454,"kits","NR",15.9166666666667,1.83333333333333,1.83333333333333,3278,"W 15TH AV","ACER","PLATANOIDES","","NORWAY MAPLE",3200,"W 15TH AV","KITSILANO","EVEN",6,"60-70",22,"","{""coordinates"": [-123.1776700001147, 49.258759998833504], ""type"": ""Point""}","49.258759998833504, -123.1776700001147","ACER PLATANOIDES",49.2587599988335,-123.177670000115,"Arterial"
"33",16456,"kits","SR",13.9166666666667,2.33333333333333,1.91666666666667,3285,"W 15TH AV","ACER","PLATANOIDES","","NORWAY MAPLE",3200,"W 15TH AV","KITSILANO","ODD",7,"70-80",31,"","{""coordinates"": [-123.17767000037692, 49.2588599986668], ""type"": ""Point""}","49.2588599986668, -123.17767000037692","ACER PLATANOIDES",49.2588599986668,-123.177670000377,"Arterial"
"34",16706,"kits","SR",0.833333333333333,0,0.166666666666667,2525,"W 4TH AV","FAGUS","SYLVATICA","","EUROPEAN BEECH",2500,"W 4TH AV","KITSILANO","ODD",4,"40-50",16,"","{""coordinates"": [-123.1630259999226, 49.268392998681705], ""type"": ""Point""}","49.268392998681705, -123.1630259999226","FAGUS SYLVATICA",49.2683929986817,-123.163025999923,"Arterial"
"35",17381,"kits","SR",1.83333333333333,11.0833333333333,1.58333333333333,1885,"W 16TH AV","PRUNUS","CERASIFERA","ATROPURPUREA","PISSARD PLUM",1800,"W 16TH AV","KITSILANO","ODD",2,"20-30",13,"","{""coordinates"": [-123.14786199933553, 49.25726099930643], ""type"": ""Point""}","49.25726099930643, -123.14786199933553","PRUNUS CERASIFERA",49.2572609993064,-123.147861999336,"Residential"
"36",17716,"kits","SR",1.91666666666667,4.33333333333333,1.16666666666667,3283,"W 16TH AV","PRUNUS","SERRULATA","KWANZAN","KWANZAN FLOWERING CHERRY",3200,"W 16TH AV","KITSILANO","ODD",3,"30-40",30.75,"","{""coordinates"": [-123.17771999940624, 49.25795999876262], ""type"": ""Point""}","49.25795999876262, -123.17771999940624","PRUNUS SERRULATA",49.2579599987626,-123.177719999406,"Arterial"
"37",17764,"kits","SR",0,4.33333333333333,0.416666666666667,3573,"W 16TH AV","ACER","PLATANOIDES","","NORWAY MAPLE",3500,"W 16TH AV","KITSILANO","ODD",7,"70-80",32,"","{""coordinates"": [-123.18360000058777, 49.25804999924849], ""type"": ""Point""}","49.25804999924849, -123.18360000058777","ACER PLATANOIDES",49.2580499992485,-123.183600000588,"Arterial"
"38",22610,"kits","SR",0,0.25,0.0833333333333333,2525,"W 4TH AV","FAGUS","SYLVATICA","","EUROPEAN BEECH",2500,"W 4TH AV","KITSILANO","ODD",4,"40-50",11.5,"","{""coordinates"": [-123.16289899995073, 49.26839099916458], ""type"": ""Point""}","49.26839099916458, -123.16289899995073","FAGUS SYLVATICA",49.2683909991646,-123.162898999951,"Arterial"
"39",22920,"kits","SR",0.25,0,0.166666666666667,2555,"W 4TH AV","FAGUS","SYLVATICA","","EUROPEAN BEECH",2500,"W 4TH AV","KITSILANO","ODD",4,"40-50",13,"","{""coordinates"": [-123.16378099972786, 49.268405999444], ""type"": ""Point""}","49.268405999444, -123.16378099972786","FAGUS SYLVATICA",49.268405999444,-123.163780999728,"Arterial"
"40",23272,"kits","SR",0.0833333333333333,0,0.0833333333333333,2555,"W 4TH AV","FAGUS","SYLVATICA","","EUROPEAN BEECH",2500,"W 4TH AV","KITSILANO","ODD",4,"40-50",13,"","{""coordinates"": [-123.16366700035937, 49.26840599906636], ""type"": ""Point""}","49.26840599906636, -123.16366700035937","FAGUS SYLVATICA",49.2684059990664,-123.163667000359,"Arterial"
"41",24977,"kits","SR",1.16666666666667,0.166666666666667,0.25,2555,"W 4TH AV","FAGUS","SYLVATICA","","EUROPEAN BEECH",2500,"W 4TH AV","KITSILANO","ODD",4,"40-50",17,"","{""coordinates"": [-123.16352699966141, 49.26840199923147], ""type"": ""Point""}","49.26840199923147, -123.16352699966141","FAGUS SYLVATICA",49.2684019992315,-123.163526999661,"Arterial"
"42",25310,"kits","SR",1.58333333333333,0,0.25,2555,"W 4TH AV","FAGUS","SYLVATICA","","EUROPEAN BEECH",2500,"W 4TH AV","KITSILANO","ODD",4,"40-50",13,"","{""coordinates"": [-123.16341700064321, 49.268399998709285], ""type"": ""Point""}","49.268399998709285, -123.16341700064321","FAGUS SYLVATICA",49.2683999987093,-123.163417000643,"Arterial"
"43",26121,"kits","SR",0.583333333333333,0.75,0.25,2575,"W 4TH AV","FAGUS","SYLVATICA","","EUROPEAN BEECH",2500,"W 4TH AV","KITSILANO","ODD",3,"30-40",12.5,"","{""coordinates"": [-123.16405499939806, 49.26841099885492], ""type"": ""Point""}","49.26841099885492, -123.16405499939806","FAGUS SYLVATICA",49.2684109988549,-123.164054999398,"Residential"
"44",35066,"kits","WR",0,8,1,2696,"WATERLOO ST","FAGUS","SYLVATICA","DAWYCKII PURPLE","PURPLE DAWYCK BEECH",2600,"WATERLOO ST","KITSILANO","EVEN",1,"10-20",9,"2012-02-28","{""coordinates"": [-123.1798300001166, 49.262599999312236], ""type"": ""Point""}","49.262599999312236, -123.1798300001166","FAGUS SYLVATICA",49.2625999993122,-123.179830000117,"Residential"
"45",56630,"kits","WR",0,0,0,2930,"ARBUTUS ST","PRUNUS","SERRULATA","KWANZAN","KWANZAN FLOWERING CHERRY",2900,"ARBUTUS ST","KITSILANO","EVEN",2,"20-30",10,"","{""coordinates"": [-123.15291800049302, 49.25987499895186], ""type"": ""Point""}","49.25987499895186, -123.15291800049302","PRUNUS SERRULATA",49.2598749989519,-123.152918000493,"Arterial"
"46",56632,"kits","WR",1.66666666666667,4,0.777777777777778,2930,"ARBUTUS ST","PRUNUS","SERRULATA","KWANZAN","KWANZAN FLOWERING CHERRY",2900,"ARBUTUS ST","KITSILANO","EVEN",3,"30-40",14,"","{""coordinates"": [-123.15291100006769, 49.25967499872492], ""type"": ""Point""}","49.25967499872492, -123.15291100006769","PRUNUS SERRULATA",49.2596749987249,-123.152911000068,"Arterial"
"47",56633,"kits","WR",0.5,0.75,0.5,2930,"ARBUTUS ST","PRUNUS","SERRULATA","KWANZAN","KWANZAN FLOWERING CHERRY",2900,"ARBUTUS ST","KITSILANO","EVEN",3,"30-40",16,"","{""coordinates"": [-123.1529130006015, 49.259616999431046], ""type"": ""Point""}","49.259616999431046, -123.1529130006015","PRUNUS SERRULATA",49.259616999431,-123.152913000602,"Arterial"
"48",57985,"kits","WR",2.66666666666667,10.3333333333333,2,2222,"BALACLAVA ST","PRUNUS","SERRULATA","KWANZAN","KWANZAN FLOWERING CHERRY",2200,"BALACLAVA ST","KITSILANO","EVEN",2,"20-30",14,"","{""coordinates"": [-123.1738269994125, 49.26626799938029], ""type"": ""Point""}","49.26626799938029, -123.1738269994125","PRUNUS SERRULATA",49.2662679993803,-123.173826999412,"Residential"
"49",57989,"kits","WR",2,8.5,1.5,2242,"BALACLAVA ST","PRUNUS","SERRULATA","KWANZAN","KWANZAN FLOWERING CHERRY",2200,"BALACLAVA ST","KITSILANO","EVEN",2,"20-30",21,"","{""coordinates"": [-123.17383999936347, 49.26602999905853], ""type"": ""Point""}","49.26602999905853, -123.17383999936347","PRUNUS SERRULATA",49.2660299990585,-123.173839999363,"Residential"
"50",62130,"kits","SR",3.5,9.91666666666667,2.16666666666667,2219,"W BROADWAY","ACER","SPECIES","","MAPLE SPECIES",2200,"W BROADWAY","KITSILANO","ODD",5,"50-60",10.5,"","{""coordinates"": [-123.15591600059285, 49.263966999342216], ""type"": ""Point""}","49.263966999342216, -123.15591600059285","ACER SPECIES",49.2639669993422,-123.155916000593,"Arterial"
"51",62171,"kits","ER",11.8333333333333,1.5,1.75,2601,"W BROADWAY","CARPINUS","BETULUS","","EUROPEAN HORNBEAM",2400,"TRAFALGAR ST","KITSILANO","ODD",3,"30-40",24,"","{""coordinates"": [-123.16474300044342, 49.264230998852995], ""type"": ""Point""}","49.264230998852995, -123.16474300044342","CARPINUS BETULUS",49.264230998853,-123.164743000443,"Residential"
"52",62449,"kits","SR",2.5,10.6666666666667,1.66666666666667,3525,"W BROADWAY","ACER","RUBRUM","RED SUNSET","RED SUNSET RED MAPLE",3500,"W BROADWAY","KITSILANO","ODD",5,"50-60",11.5,"","{""coordinates"": [-123.18316400013174, 49.264402999094], ""type"": ""Point""}","49.264402999094, -123.18316400013174","ACER RUBRUM",49.264402999094,-123.183164000132,"Arterial"
"53",62456,"kits","SR",4.91666666666667,7.75,2.08333333333333,3575,"W BROADWAY","ACER","RUBRUM","RED SUNSET","RED SUNSET RED MAPLE",3500,"W BROADWAY","KITSILANO","ODD",5,"50-60",15,"","{""coordinates"": [-123.18303799971952, 49.264402999076765], ""type"": ""Point""}","49.264402999076765, -123.18303799971952","ACER RUBRUM",49.2644029990768,-123.18303799972,"Arterial"
"54",62457,"kits","SR",1.08333333333333,12.25,1.75,3575,"W BROADWAY","ACER","RUBRUM","RED SUNSET","RED SUNSET RED MAPLE",3500,"W BROADWAY","KITSILANO","ODD",5,"50-60",17,"","{""coordinates"": [-123.18289100026071, 49.26439899871183], ""type"": ""Point""}","49.26439899871183, -123.18289100026071","ACER RUBRUM",49.2643989987118,-123.182891000261,"Arterial"
"55",70209,"kits","NR",6.75,9.33333333333333,2.33333333333333,1904,"CORNWALL AV","ACER","RUBRUM","","RED MAPLE",1900,"CORNWALL AV","KITSILANO","EVEN",4,"40-50",21.4,"","{""coordinates"": [-123.14825600020296, 49.27239699866899], ""type"": ""Point""}","49.27239699866899, -123.14825600020296","ACER RUBRUM",49.272396998669,-123.148256000203,"Arterial"
"56",70210,"kits","NR",8.66666666666667,5.5,2.08333333333333,1904,"CORNWALL AV","ACER","RUBRUM","","RED MAPLE",1900,"CORNWALL AV","KITSILANO","EVEN",4,"40-50",18.4,"","{""coordinates"": [-123.14844799998984, 49.27239699862473], ""type"": ""Point""}","49.27239699862473, -123.14844799998984","ACER RUBRUM",49.2723969986247,-123.14844799999,"Arterial"
"57",70435,"kits","WR",6.91666666666667,5.16666666666667,1.5,1855,"CREELMAN AV","CARPINUS","BETULUS","","EUROPEAN HORNBEAM",1200,"CYPRESS ST","KITSILANO","EVEN",3,"30-40",34,"","{""coordinates"": [-123.14763999931492, 49.27480599922893], ""type"": ""Point""}","49.27480599922893, -123.14763999931492","CARPINUS BETULUS",49.2748059992289,-123.147639999315,"Residential"
"58",70436,"kits","WR",6.33333333333333,4.83333333333333,1.25,1855,"CREELMAN AV","CARPINUS","BETULUS","","EUROPEAN HORNBEAM",1200,"CYPRESS ST","KITSILANO","EVEN",4,"40-50",29,"","{""coordinates"": [-123.14764599935143, 49.27470299932771], ""type"": ""Point""}","49.27470299932771, -123.14764599935143","CARPINUS BETULUS",49.2747029993277,-123.147645999351,"Residential"
"59",71080,"kits","WR",11.0833333333333,1.58333333333333,1.83333333333333,1306,"CYPRESS ST","CARPINUS","BETULUS","FASTIGIATA","PYRAMIDAL EUROPEAN HORNBEAM",1300,"CYPRESS ST","KITSILANO","EVEN",4,"40-50",24,"","{""coordinates"": [-123.14765600031123, 49.274291998966795], ""type"": ""Point""}","49.274291998966795, -123.14765600031123","CARPINUS BETULUS",49.2742919989668,-123.147656000311,"Residential"
"60",71200,"kits","ER",11.6666666666667,5.25,1.33333333333333,2617,"CYPRESS ST","ACER","PLATANOIDES","","NORWAY MAPLE",2600,"CYPRESS ST","KITSILANO","ODD",3,"30-40",17,"","{""coordinates"": [-123.14830499959984, 49.26238899883425], ""type"": ""Point""}","49.26238899883425, -123.14830499959984","ACER PLATANOIDES",49.2623889988342,-123.1483049996,"Residential"
"61",82393,"kits","WR",0.833333333333333,5.33333333333333,1.16666666666667,3670,"W 5TH AV","PRUNUS","X YEDOENSIS","AKEBONO","AKEBONO FLOWERING CHERRY",2100,"ALMA ST","KITSILANO","EVEN",2,"20-30",10,"2008-02-05","{""coordinates"": [-123.18560000016531, 49.267539998683844], ""type"": ""Point""}","49.267539998683844, -123.18560000016531","PRUNUS X YEDOENSIS",49.2675399986838,-123.185600000165,"Arterial"
"62",82593,"kits","WR",6.16666666666667,8.5,1.75,3670,"W 5TH AV","PRUNUS","X YEDOENSIS","AKEBONO","AKEBONO FLOWERING CHERRY",2100,"ALMA ST","KITSILANO","EVEN",2,"20-30",15,"2008-02-05","{""coordinates"": [-123.18559000056268, 49.26761999920439], ""type"": ""Point""}","49.26761999920439, -123.18559000056268","PRUNUS X YEDOENSIS",49.2676199992044,-123.185590000563,"Arterial"
"63",93813,"kits","gone",NA,NA,NA,1118,"MAPLE ST","PRUNUS","CERASIFERA","ATROPURPUREA","PISSARD PLUM",1100,"MAPLE ST","KITSILANO","EVEN",3,"30-40",14,"","{""coordinates"": [-123.14996600032092, 49.27588599946192], ""type"": ""Point""}","49.27588599946192, -123.14996600032092","PRUNUS CERASIFERA",49.2758859994619,-123.149966000321,"Residential"
"64",113227,"kits","SR",1.75,8.08333333333333,1.58333333333333,2859,"STEPHENS ST","FAGUS","SYLVATICA","ATROPUNICEA","PURPLE BEECH",2700,"W 13TH AV","KITSILANO","ODD",8,"80-90",39,"","{""coordinates"": [-123.16676000019488, 49.26049999864405], ""type"": ""Point""}","49.26049999864405, -123.16676000019488","FAGUS SYLVATICA",49.260499998644,-123.166760000195,"Residential"
"65",114195,"kits","WR",7.41666666666667,1.41666666666667,1.58333333333333,2274,"TRAFALGAR ST","CARPINUS","BETULUS","","EUROPEAN HORNBEAM",2200,"TRAFALGAR ST","KITSILANO","EVEN",4,"40-50",39,"","{""coordinates"": [-123.16453199953776, 49.26597499876801], ""type"": ""Point""}","49.26597499876801, -123.16453199953776","CARPINUS BETULUS",49.265974998768,-123.164531999538,"Residential"
"66",114203,"kits","ER",12.75,0.583333333333333,1.58333333333333,2333,"TRAFALGAR ST","CARPINUS","BETULUS","","EUROPEAN HORNBEAM",2300,"TRAFALGAR ST","KITSILANO","ODD",4,"40-50",23,"","{""coordinates"": [-123.16470500019986, 49.26522499916187], ""type"": ""Point""}","49.26522499916187, -123.16470500019986","CARPINUS BETULUS",49.2652249991619,-123.1647050002,"Residential"
"67",118087,"kits","WR",8.58333333333333,3.33333333333333,1.25,1424,"WALNUT ST","ACER","SPECIES","","MAPLE SPECIES",1400,"WALNUT ST","KITSILANO","EVEN",7,"70-80",36,"","{""coordinates"": [-123.14890399977972, 49.27291399894044], ""type"": ""Point""}","49.27291399894044, -123.14890399977972","ACER SPECIES",49.2729139989404,-123.14890399978,"Arterial"
"68",118310,"kits","WR",3.91666666666667,9.33333333333333,1.83333333333333,2049,"WATERLOO ST","ACER","SACCHARINUM","","SILVER MAPLE",2000,"COLLINGWOOD ST","KITSILANO","EVEN",6,"60-70",33,"","{""coordinates"": [-123.18163099974026, 49.26781099891111], ""type"": ""Point""}","49.26781099891111, -123.18163099974026","ACER SACCHARINUM",49.2678109989111,-123.18163099974,"Residential"
"69",118430,"kits","SR",2.08333333333333,6,1.75,2875,"WATERLOO ST","FAGUS","SYLVATICA","ROHANII","FERNLEAF COPPER BEECH",3400,"W 13TH AV","KITSILANO","ODD",5,"50-60",25.5,"","{""coordinates"": [-123.18061999957814, 49.260709998909846], ""type"": ""Point""}","49.260709998909846, -123.18061999957814","FAGUS SYLVATICA",49.2607099989098,-123.180619999578,"Residential"
"70",121352,"kits","SR",0.166666666666667,1,0.5,1901,"YORK AV","CARPINUS","BETULUS","FASTIGIATA","PYRAMIDAL EUROPEAN HORNBEAM",1900,"YORK AV","KITSILANO","ODD",4,"40-50",21,"","{""coordinates"": [-123.14884499967897, 49.27167399923212], ""type"": ""Point""}","49.27167399923212, -123.14884499967897","CARPINUS BETULUS",49.2716739992321,-123.148844999679,"Residential"
"71",121354,"kits","SR",0.416666666666667,6,1.5,1901,"YORK AV","CARPINUS","BETULUS","FASTIGIATA","PYRAMIDAL EUROPEAN HORNBEAM",1900,"YORK AV","KITSILANO","ODD",4,"40-50",16,"","{""coordinates"": [-123.14898300034571, 49.27167399948311], ""type"": ""Point""}","49.27167399948311, -123.14898300034571","CARPINUS BETULUS",49.2716739994831,-123.148983000346,"Residential"
"72",122189,"kits","SR",1.33333333333333,13.3333333333333,2.5,1450,"CHESTNUT ST","PRUNUS","SERRULATA","UKON","UKON JAPANESE CHERRY",1500,"BURRARD ST","KITSILANO","ODD",2,"20-30",13,"","{""coordinates"": [-123.14555500063807, 49.27283599890371], ""type"": ""Point""}","49.27283599890371, -123.14555500063807","PRUNUS SERRULATA",49.2728359989037,-123.145555000638,"Arterial"
"73",122190,"kits","ER",0.0833333333333333,15.1666666666667,1.41666666666667,1450,"CHESTNUT ST","PRUNUS","SERRULATA","KWANZAN","KWANZAN FLOWERING CHERRY",1500,"BURRARD ST","KITSILANO","ODD",2,"20-30",14,"","{""coordinates"": [-123.14485200001855, 49.27306899880892], ""type"": ""Point""}","49.27306899880892, -123.14485200001855","PRUNUS SERRULATA",49.2730689988089,-123.144852000019,"Arterial"
"74",122191,"kits","SR",0,9.66666666666667,1.25,1450,"CHESTNUT ST","PRUNUS","SERRULATA","KWANZAN","KWANZAN FLOWERING CHERRY",1500,"BURRARD ST","KITSILANO","ODD",2,"20-30",17,"","{""coordinates"": [-123.14576399950397, 49.27277499898974], ""type"": ""Point""}","49.27277499898974, -123.14576399950397","PRUNUS SERRULATA",49.2727749989897,-123.145763999504,"Arterial"
"75",122193,"kits","ER",1.83333333333333,2.66666666666667,0.833333333333333,1450,"CHESTNUT ST","PRUNUS","SERRULATA","KWANZAN","KWANZAN FLOWERING CHERRY",1500,"BURRARD ST","KITSILANO","ODD",2,"20-30",15,"","{""coordinates"": [-123.14531999967575, 49.27291099888034], ""type"": ""Point""}","49.27291099888034, -123.14531999967575","PRUNUS SERRULATA",49.2729109988803,-123.145319999676,"Arterial"
"76",122194,"kits","ER",2.33333333333333,15.1666666666667,1.91666666666667,1450,"CHESTNUT ST","PRUNUS","SERRULATA","KWANZAN","KWANZAN FLOWERING CHERRY",1500,"BURRARD ST","KITSILANO","ODD",9,">90",13.5,"","{""coordinates"": [-123.14501899989348, 49.273013998711704], ""type"": ""Point""}","49.273013998711704, -123.14501899989348","PRUNUS SERRULATA",49.2730139987117,-123.145018999893,"Arterial"
"77",124758,"kits","cut down",NA,NA,NA,1788,"MUSQUEAMVIEW ST","PRUNUS","CERASIFERA","ATROPURPUREA","PISSARD PLUM",1700,"MUSQUEAMVIEW ST","KITSILANO","EVEN",3,"30-40",23,"","{""coordinates"": [-123.17560000039035, 49.27063999922336], ""type"": ""Point""}","49.27063999922336, -123.17560000039035","PRUNUS CERASIFERA",49.2706399992234,-123.17560000039,"Residential"
"78",127850,"kits",NA,NA,NA,NA,2187,"CORNWALL AV","PRUNUS","SERRULATA","KWANZAN","KWANZAN FLOWERING CHERRY",2100,"CORNWALL AV","KITSILANO","ODD",3,"30-40",23,"","{""coordinates"": [-123.15401499998073, 49.272668998698535], ""type"": ""Point""}","49.272668998698535, -123.15401499998073","PRUNUS SERRULATA",49.2726689986985,-123.154014999981,"Arterial"
"79",134705,"kits","SR",14,3.75,1.91666666666667,1943,"CORNWALL AV","ACER","RUBRUM","","RED MAPLE",1900,"CORNWALL AV","KITSILANO","ODD",4,"40-50",15,"","{""coordinates"": [-123.14853899969238, 49.27255299867074], ""type"": ""Point""}","49.27255299867074, -123.14853899969238","ACER RUBRUM",49.2725529986707,-123.148538999692,"Arterial"
"80",137253,"kits","SR",3,7.16666666666667,2.08333333333333,2372,"MAPLE ST","PRUNUS","SERRULATA","KWANZAN","KWANZAN FLOWERING CHERRY",1900,"W 8TH AV","KITSILANO","ODD",2,"20-30",13,"","{""coordinates"": [-123.15027099955869, 49.26474699914084], ""type"": ""Point""}","49.26474699914084, -123.15027099955869","PRUNUS SERRULATA",49.2647469991408,-123.150270999559,"Residential"
"81",137885,"kits","ivy covered? someone's property?",NA,NA,NA,2986,"W 7TH AV","ACER","PSEUDOPLATANUS","","SYCAMORE MAPLE",2900,"W 7TH AV","KITSILANO","EVEN",6,"60-70",33,"","{""coordinates"": [-123.17180999992641, 49.265799999379404], ""type"": ""Point""}","49.265799999379404, -123.17180999992641","ACER PSEUDOPLATANUS",49.2657999993794,-123.171809999926,"Residential"
"82",156731,"kits","SR",2.25,7.75,1.58333333333333,2221,"W BROADWAY","ACER","RUBRUM","","RED MAPLE",2200,"W BROADWAY","KITSILANO","ODD",4,"40-50",11.5,"","{""coordinates"": [-123.15602399977575, 49.2639669992751], ""type"": ""Point""}","49.2639669992751, -123.15602399977575","ACER RUBRUM",49.2639669992751,-123.156023999776,"Arterial"
"83",160594,"kits","SR",0,5.08333333333333,1.33333333333333,2223,"W 4TH AV","ACER","RUBRUM","","RED MAPLE",2200,"W 4TH AV","KITSILANO","ODD",4,"40-50",10,"1993-11-01","{""coordinates"": [-123.15615300037726, 49.26827199923135], ""type"": ""Point""}","49.26827199923135, -123.15615300037726","ACER RUBRUM",49.2682719992314,-123.156153000377,"Arterial"
"84",162968,"kits","SR",0.333333333333333,10.3333333333333,1.75,2485,"W BROADWAY","CARPINUS","BETULUS","FASTIGIATA","PYRAMIDAL EUROPEAN HORNBEAM",2400,"W BROADWAY","KITSILANO","ODD",2,"20-30",9,"1996-03-18","{""coordinates"": [-123.16199100049289, 49.26406399902913], ""type"": ""Point""}","49.26406399902913, -123.16199100049289","CARPINUS BETULUS",49.2640639990291,-123.161991000493,"Residential"
"85",168207,"kits","SR",1.83333333333333,7.91666666666667,2.08333333333333,3336,"W 4TH AV","CARPINUS","BETULUS","","EUROPEAN HORNBEAM",3300,"W 4TH AV","KITSILANO","EVEN",3,"30-40",21.75,"","{""coordinates"": [-123.1787450001694, 49.26859799949293], ""type"": ""Point""}","49.26859799949293, -123.1787450001694","CARPINUS BETULUS",49.2685979994929,-123.178745000169,"Arterial"
"86",168210,"kits","SR",2,5.08333333333333,1.91666666666667,3336,"W 4TH AV","CARPINUS","BETULUS","","EUROPEAN HORNBEAM",3300,"W 4TH AV","KITSILANO","EVEN",3,"30-40",10,"","{""coordinates"": [-123.17839999944896, 49.26859099920935], ""type"": ""Point""}","49.26859099920935, -123.17839999944896","CARPINUS BETULUS",49.2685909992094,-123.178399999449,"Arterial"
"87",169119,"kits","gone",NA,NA,NA,2668,"W 4TH AV","CARPINUS","BETULUS","FASTIGIATA","PYRAMIDAL EUROPEAN HORNBEAM",2600,"W 4TH AV","KITSILANO","EVEN",3,"30-40",9,"1996-04-15","{""coordinates"": [-123.16539199957248, 49.268242999069926], ""type"": ""Point""}","49.268242999069926, -123.16539199957248","CARPINUS BETULUS",49.2682429990699,-123.165391999572,"Arterial"
"88",169125,"kits","gone",NA,NA,NA,2698,"W 4TH AV","CARPINUS","BETULUS","FASTIGIATA","PYRAMIDAL EUROPEAN HORNBEAM",2600,"W 4TH AV","KITSILANO","EVEN",4,"40-50",11,"1996-04-15","{""coordinates"": [-123.16614199970417, 49.26825599875705], ""type"": ""Point""}","49.26825599875705, -123.16614199970417","CARPINUS BETULUS",49.268255998757,-123.166141999704,"Residential"
"89",169711,"kits","SR",0.416666666666667,14.9166666666667,1.83333333333333,3639,"W BROADWAY","ACER","FREEMANII   X","ARMSTRONG","ARMSTRONG RED MAPLE",3600,"W BROADWAY","KITSILANO","ODD",3,"30-40",14,"","{""coordinates"": [-123.18508000014883, 49.26443999879218], ""type"": ""Point""}","49.26443999879218, -123.18508000014883","ACER FREEMANII   X",49.2644399987922,-123.185080000149,"Arterial"
"90",176928,"kits","WR",1.33333333333333,13.1666666666667,2.5,2196,"W 15TH AV","PRUNUS","SERRULATA","KWANZAN","KWANZAN FLOWERING CHERRY",3100,"YEW ST","KITSILANO","EVEN",2,"20-30",19,"","{""coordinates"": [-123.15545300017399, 49.25788099899361], ""type"": ""Point""}","49.25788099899361, -123.15545300017399","PRUNUS SERRULATA",49.2578809989936,-123.155453000174,"Residential"
"91",180092,"kits","WR",8.83333333333333,1,1.75,2628,"YEW ST","CARPINUS","BETULUS","FASTIGIATA","PYRAMIDAL EUROPEAN HORNBEAM",2600,"YEW ST","KITSILANO","EVEN",2,"20-30",10.5,"1999-05-29","{""coordinates"": [-123.15525299953893, 49.262771998885434], ""type"": ""Point""}","49.262771998885434, -123.15525299953893","CARPINUS BETULUS",49.2627719988854,-123.155252999539,"Residential"
"92",180095,"kits","WR",8.91666666666667,1,2.08333333333333,2628,"YEW ST","CARPINUS","BETULUS","FASTIGIATA","PYRAMIDAL EUROPEAN HORNBEAM",2600,"YEW ST","KITSILANO","EVEN",2,"20-30",10.5,"1999-05-29","{""coordinates"": [-123.15525999947262, 49.26251699866136], ""type"": ""Point""}","49.26251699866136, -123.15525999947262","CARPINUS BETULUS",49.2625169986614,-123.155259999473,"Residential"
"93",180817,"kits","NR",0.25,1.91666666666667,0.5,3333,"W 4TH AV","CARPINUS","BETULUS","FASTIGIATA","PYRAMIDAL EUROPEAN HORNBEAM",3300,"W 4TH AV","KITSILANO","ODD",2,"20-30",10,"1999-06-06","{""coordinates"": [-123.1794400005629, 49.268419999201946], ""type"": ""Point""}","49.268419999201946, -123.1794400005629","CARPINUS BETULUS",49.2684199992019,-123.179440000563,"Residential"
"94",183628,"kits","NR",2.08333333333333,8.25,2.33333333333333,3128,"W 4TH AV","CARPINUS","BETULUS","FRANS FONTAINE","FRANZ FONTAINE HORNBEAM",3100,"W 4TH AV","KITSILANO","EVEN",3,"30-40",11,"2000-03-17","{""coordinates"": [-123.1743500005956, 49.26835999865986], ""type"": ""Point""}","49.26835999865986, -123.1743500005956","CARPINUS BETULUS",49.2683599986599,-123.174350000596,"Arterial"
"95",183629,"kits","cut down",NA,NA,NA,3130,"W 4TH AV","CARPINUS","BETULUS","FRANS FONTAINE","FRANZ FONTAINE HORNBEAM",3100,"W 4TH AV","KITSILANO","EVEN",1,"10-20",11,"2000-03-17","{""coordinates"": [-123.17448999985307, 49.268369998676064], ""type"": ""Point""}","49.268369998676064, -123.17448999985307","CARPINUS BETULUS",49.2683699986761,-123.174489999853,"Arterial"
"96",183630,"kits","NR",0.0833333333333333,2.58333333333333,1.08333333333333,3138,"W 4TH AV","CARPINUS","BETULUS","FRANS FONTAINE","FRANZ FONTAINE HORNBEAM",3100,"W 4TH AV","KITSILANO","EVEN",3,"30-40",12,"2000-03-17","{""coordinates"": [-123.17460000045051, 49.268369998915574], ""type"": ""Point""}","49.268369998915574, -123.17460000045051","CARPINUS BETULUS",49.2683699989156,-123.174600000451,"Arterial"
"97",183631,"kits","NR",0.833333333333333,10.5,2.33333333333333,3140,"W 4TH AV","CARPINUS","BETULUS","FRANS FONTAINE","FRANZ FONTAINE HORNBEAM",3100,"W 4TH AV","KITSILANO","EVEN",1,"10-20",11,"2000-03-17","{""coordinates"": [-123.17474000020931, 49.268369998661576], ""type"": ""Point""}","49.268369998661576, -123.17474000020931","CARPINUS BETULUS",49.2683699986616,-123.174740000209,"Arterial"
"98",183632,"kits","NR",0.0833333333333333,9.66666666666667,1.75,3148,"W 4TH AV","CARPINUS","BETULUS","FRANS FONTAINE","FRANZ FONTAINE HORNBEAM",3100,"W 4TH AV","KITSILANO","EVEN",3,"30-40",11,"2000-03-17","{""coordinates"": [-123.17485999961131, 49.26836999882345], ""type"": ""Point""}","49.26836999882345, -123.17485999961131","CARPINUS BETULUS",49.2683699988235,-123.174859999611,"Arterial"
"99",183633,"kits","cut down",NA,NA,NA,3150,"W 4TH AV","CARPINUS","BETULUS","FRANS FONTAINE","FRANZ FONTAINE HORNBEAM",3100,"W 4TH AV","KITSILANO","EVEN",4,"40-50",9,"2000-03-17","{""coordinates"": [-123.17498000038759, 49.26836999885863], ""type"": ""Point""}","49.26836999885863, -123.17498000038759","CARPINUS BETULUS",49.2683699988586,-123.174980000388,"Arterial"
"100",183634,"kits","NR",1.75,16,2.25,3158,"W 4TH AV","CARPINUS","BETULUS","FRANS FONTAINE","FRANZ FONTAINE HORNBEAM",3100,"W 4TH AV","KITSILANO","EVEN",3,"30-40",15,"2000-03-17","{""coordinates"": [-123.1751099996201, 49.26837999887499], ""type"": ""Point""}","49.26837999887499, -123.1751099996201","CARPINUS BETULUS",49.268379998875,-123.17510999962,"Arterial"
"101",183816,"kits","Median",0,5.66666666666667,1.75,2652,"ARBUTUS ST","FAGUS","SYLVATICA","DAWYCKII","DAWYCK'S BEECH",2600,"ARBUTUS ST","KITSILANO","MED",3,"30-40",10,"2000-04-03","{""coordinates"": [-123.15300199939331, 49.26239999945238], ""type"": ""Point""}","49.26239999945238, -123.15300199939331","FAGUS SYLVATICA",49.2623999994524,-123.153001999393,"Arterial"
"102",188582,"kits","ER",0,9.83333333333333,2.25,2702,"W 15TH AV","FAGUS","SYLVATICA","","EUROPEAN BEECH",3100,"STEPHENS ST","KITSILANO","EVEN",4,"40-50",13,"","{""coordinates"": [-123.16651900025808, 49.258349999411], ""type"": ""Point""}","49.258349999411, -123.16651900025808","FAGUS SYLVATICA",49.258349999411,-123.166519000258,"Residential"
"103",189656,"kits","ER",0,3.16666666666667,1.33333333333333,2797,"ARBUTUS ST","FAGUS","SYLVATICA","","EUROPEAN BEECH",2700,"ARBUTUS ST","KITSILANO","ODD",3,"30-40",12,"","{""coordinates"": [-123.15316700003707, 49.261185999408625], ""type"": ""Point""}","49.261185999408625, -123.15316700003707","FAGUS SYLVATICA",49.2611859994086,-123.153167000037,"Arterial"
"104",189659,"kits","ER",0.333333333333333,1.08333333333333,0.5,2771,"ARBUTUS ST","FAGUS","SYLVATICA","","EUROPEAN BEECH",2700,"ARBUTUS ST","KITSILANO","ODD",3,"30-40",10,"","{""coordinates"": [-123.15315700042807, 49.26140599867071], ""type"": ""Point""}","49.26140599867071, -123.15315700042807","FAGUS SYLVATICA",49.2614059986707,-123.153157000428,"Arterial"
"105",189662,"kits","ER",0,3.08333333333333,0.833333333333333,2715,"ARBUTUS ST","FAGUS","SYLVATICA","","EUROPEAN BEECH",2700,"ARBUTUS ST","KITSILANO","ODD",2,"20-30",9,"","{""coordinates"": [-123.15314500011362, 49.2617109990271], ""type"": ""Point""}","49.2617109990271, -123.15314500011362","FAGUS SYLVATICA",49.2617109990271,-123.153145000114,"Arterial"
"106",189687,"kits","ER",0,1.5,0.416666666666667,2119,"YEW ST","PRUNUS","SERRULATA","KWANZAN","KWANZAN FLOWERING CHERRY",2100,"YEW ST","KITSILANO","ODD",2,"20-30",12,"","{""coordinates"": [-123.15526900063259, 49.26692999904978], ""type"": ""Point""}","49.26692999904978, -123.15526900063259","PRUNUS SERRULATA",49.2669299990498,-123.155269000633,"Residential"
"107",192360,"kits","ER",0,4.5,0.916666666666667,2255,"CYPRESS ST","FAGUS","SYLVATICA","","EUROPEAN BEECH",2200,"CYPRESS ST","KITSILANO","ODD",2,"20-30",10,"2002-03-26","{""coordinates"": [-123.14812700038024, 49.26566399901855], ""type"": ""Point""}","49.26566399901855, -123.14812700038024","FAGUS SYLVATICA",49.2656639990185,-123.14812700038,"Residential"
"108",193407,"kits","NR",0,0.25,0.0833333333333333,3333,"W 4TH AV","CARPINUS","BETULUS","FASTIGIATA","PYRAMIDAL EUROPEAN HORNBEAM",3300,"W 4TH AV","KITSILANO","ODD",2,"20-30",10,"","{""coordinates"": [-123.17940999999315, 49.26841999901414], ""type"": ""Point""}","49.26841999901414, -123.17940999999315","CARPINUS BETULUS",49.2684199990141,-123.179409999993,"Residential"
"109",193410,"kits","SR",0.166666666666667,7.83333333333333,1.66666666666667,3347,"W 4TH AV","CARPINUS","BETULUS","FASTIGIATA","PYRAMIDAL EUROPEAN HORNBEAM",3300,"W 4TH AV","KITSILANO","ODD",2,"20-30",9,"","{""coordinates"": [-123.17862800027125, 49.268593999461594], ""type"": ""Point""}","49.268593999461594, -123.17862800027125","CARPINUS BETULUS",49.2685939994616,-123.178628000271,"Arterial"
"110",193497,"kits","ER",0,0.416666666666667,0.333333333333333,2685,"ARBUTUS ST","FAGUS","SYLVATICA","","EUROPEAN BEECH",2600,"ARBUTUS ST","KITSILANO","ODD",3,"30-40",9,"","{""coordinates"": [-123.15312599995285, 49.262143998799374], ""type"": ""Point""}","49.262143998799374, -123.15312599995285","FAGUS SYLVATICA",49.2621439987994,-123.153125999953,"Arterial"
"111",194872,"kits","gone",NA,NA,NA,1455,"LARCH ST","PRUNUS","CERASIFERA","NIGRA","NIGHT PURPLE LEAF PLUM",1400,"LARCH ST","KITSILANO","ODD",2,"20-30",10,"2003-02-04","{""coordinates"": [-123.16216500065968, 49.27297799945512], ""type"": ""Point""}","49.27297799945512, -123.16216500065968","PRUNUS CERASIFERA",49.2729779994551,-123.16216500066,"Residential"
"112",199386,"kits","WR",4,11,2.33333333333333,2888,"VINE ST","FAGUS","SYLVATICA","DAWYCKII GOLD","GOLDEN DAWYCK BEECH",2800,"VINE ST","KITSILANO","EVEN",4,"40-50",14.5,"2004-03-12","{""coordinates"": [-123.15772099933454, 49.260324998969594], ""type"": ""Point""}","49.260324998969594, -123.15772099933454","FAGUS SYLVATICA",49.2603249989696,-123.157720999335,"Residential"
"113",200413,"kits","Dead",NA,NA,NA,1950,"W 8TH AV","PRUNUS","SERRULATA","KWANZAN","KWANZAN FLOWERING CHERRY",1900,"W 8TH AV","KITSILANO","EVEN",2,"20-30",16,"2003-03-06","{""coordinates"": [-123.14966699973597, 49.26463599878282], ""type"": ""Point""}","49.26463599878282, -123.14966699973597","PRUNUS SERRULATA",49.2646359987828,-123.149666999736,"Residential"
"114",200738,"kits","ER",0,5,0.833333333333333,3603,"W 8TH AV","FAGUS","SYLVATICA","DAWYCKII PURPLE","PURPLE DAWYCK BEECH",2300,"DUNBAR ST","KITSILANO","ODD",3,"30-40",10.5,"2004-03-25","{""coordinates"": [-123.18381999952427, 49.265309999310624], ""type"": ""Point""}","49.265309999310624, -123.18381999952427","FAGUS SYLVATICA",49.2653099993106,-123.183819999524,"Residential"
"115",202703,"kits","SR",0.0833333333333333,0,0.0833333333333333,1819,"W 5TH AV","PRUNUS","SERRULATA","KWANZAN","KWANZAN FLOWERING CHERRY",1800,"W 5TH AV","KITSILANO","ODD",3,"30-40",16,"","{""coordinates"": [-123.14613099954296, 49.267230999088426], ""type"": ""Point""}","49.267230999088426, -123.14613099954296","PRUNUS SERRULATA",49.2672309990884,-123.146130999543,"Arterial"
"116",204474,"kits","WR",0,0.416666666666667,0.333333333333333,2620,"ARBUTUS ST","FAGUS","SYLVATICA","","EUROPEAN BEECH",2600,"ARBUTUS ST","KITSILANO","EVEN",3,"30-40",10,"","{""coordinates"": [-123.15287200053983, 49.26275599864944], ""type"": ""Point""}","49.26275599864944, -123.15287200053983","FAGUS SYLVATICA",49.2627559986494,-123.15287200054,"Arterial"
"117",204478,"kits","WR",1.08333333333333,5.16666666666667,1.16666666666667,2652,"ARBUTUS ST","FAGUS","SYLVATICA","","EUROPEAN BEECH",2600,"ARBUTUS ST","KITSILANO","EVEN",2,"20-30",10,"","{""coordinates"": [-123.15287900000389, 49.26250799864629], ""type"": ""Point""}","49.26250799864629, -123.15287900000389","FAGUS SYLVATICA",49.2625079986463,-123.152879000004,"Arterial"
"118",230546,"kits","WR",0.416666666666667,10.5833333333333,1.25,3670,"W 5TH AV","PRUNUS","X YEDOENSIS","AKEBONO","AKEBONO FLOWERING CHERRY",2100,"ALMA ST","KITSILANO","EVEN",1,"10-20",11,"2011-03-22","{""coordinates"": [-123.1856000001132, 49.26739999911843], ""type"": ""Point""}","49.26739999911843, -123.1856000001132","PRUNUS X YEDOENSIS",49.2673999991184,-123.185600000113,"Arterial"
"119",262141,"kits","SR",0,6.16666666666667,1.08333333333333,2125,"YORK AV","ACER","RUBRUM","","RED MAPLE",2100,"YORK AV","KITSILANO","ODD",5,"50-60",25,"","{""coordinates"": [-123.15306600016011, 49.27174299907278], ""type"": ""Point""}","49.27174299907278, -123.15306600016011","ACER RUBRUM",49.2717429990728,-123.15306600016,"Residential"
"120",281345,"kits","Removed",NA,NA,NA,3306,"W 15TH AV","PRUNUS","SPECIES","","CHERRY, PLUM OR PEACH SPECIES",3100,"BLENHEIM ST","KITSILANO","EVEN",3,"30-40",9,"","{""coordinates"": [-123.17813099946723, 49.258499999149116], ""type"": ""Point""}","49.258499999149116, -123.17813099946723","PRUNUS SPECIES",49.2584999991491,-123.178130999467,"Arterial"
"121",9335,"renfrew","NR",21.5833333333333,2,2.25,2828,"E 10TH AV","ACER","PLATANOIDES","","NORWAY MAPLE",2800,"E 10TH AV","RENFREW-COLLINGWOOD","EVEN",5,"50-60",27,"","{""coordinates"": [-123.04636899986919, 49.26087199936188], ""type"": ""Point""}","49.26087199936188, -123.04636899986919","ACER PLATANOIDES",49.2608719993619,-123.046368999869,"Residential"
"122",17164,"renfrew","SR",2.44444444444444,16.7777777777778,3.55555555555556,3237,"E 16TH AV","PRUNUS","CERASIFERA","ATROPURPUREA","PISSARD PLUM",3200,"E 16TH AV","RENFREW-COLLINGWOOD","ODD",2,"20-30",17,"","{""coordinates"": [-123.03571400038834, 49.25562499900342], ""type"": ""Point""}","49.25562499900342, -123.03571400038834","PRUNUS CERASIFERA",49.2556249990034,-123.035714000388,"Residential"
"123",21290,"renfrew","SR",15.75,5.91666666666667,1.58333333333333,2561,"E 20TH AV","ACER","CAMPESTRE","","HEDGE MAPLE",2500,"E 20TH AV","RENFREW-COLLINGWOOD","ODD",4,"40-50",19,"","{""coordinates"": [-123.05316900058824, 49.25243499907972], ""type"": ""Point""}","49.25243499907972, -123.05316900058824","ACER CAMPESTRE",49.2524349990797,-123.053169000588,"Residential"
"124",21298,"renfrew","SR",19.75,1,2.41666666666667,2597,"E 20TH AV","ACER","CAMPESTRE","","HEDGE MAPLE",2500,"E 20TH AV","RENFREW-COLLINGWOOD","ODD",4,"40-50",18.75,"","{""coordinates"": [-123.05238100005658, 49.252443998942724], ""type"": ""Point""}","49.252443998942724, -123.05238100005658","ACER CAMPESTRE",49.2524439989427,-123.052381000057,"Residential"
"125",21340,"renfrew","Removed",NA,NA,NA,3066,"E 20TH AV","PRUNUS","CERASIFERA","ATROPURPUREA","PISSARD PLUM",3000,"E 20TH AV","RENFREW-COLLINGWOOD","EVEN",3,"30-40",16,"","{""coordinates"": [-123.04001099954112, 49.25227899923847], ""type"": ""Point""}","49.25227899923847, -123.04001099954112","PRUNUS CERASIFERA",49.2522789992385,-123.040010999541,"Residential"
"126",24592,"renfrew","NR",0.166666666666667,11.5,1.66666666666667,2606,"E 23RD AV","PRUNUS","SERRULATA","KWANZAN","KWANZAN FLOWERING CHERRY",2600,"E 23RD AV","RENFREW-COLLINGWOOD","EVEN",3,"30-40",16,"","{""coordinates"": [-123.05198300056018, 49.249674999028954], ""type"": ""Point""}","49.249674999028954, -123.05198300056018","PRUNUS SERRULATA",49.249674999029,-123.05198300056,"Residential"
"127",25613,"renfrew","WR",0.916666666666667,18.8333333333333,3.08333333333333,2503,"E 24TH AV","ACER","FREEMANII   X","MORGAN","MORGAN RED MAPLE",3900,"KAMLOOPS ST","RENFREW-COLLINGWOOD","EVEN",2,"20-30",9,"","{""coordinates"": [-123.05450600062238, 49.24916099951869], ""type"": ""Point""}","49.24916099951869, -123.05450600062238","ACER FREEMANII   X",49.2491609995187,-123.054506000622,"Residential"
"128",26357,"renfrew","NR",0,12.75,1.83333333333333,3638,"E 25TH AV","PRUNUS","X YEDOENSIS","AKEBONO","AKEBONO FLOWERING CHERRY",3600,"E 25TH AV","RENFREW-COLLINGWOOD","EVEN",3,"30-40",45,"","{""coordinates"": [-123.02536299968313, 49.24785299874373], ""type"": ""Point""}","49.24785299874373, -123.02536299968313","PRUNUS X YEDOENSIS",49.2478529987437,-123.025362999683,"Residential"
"129",27464,"renfrew","Removed",NA,NA,NA,2458,"E 27TH AV","PRUNUS","SERRULATA","SHIROFUGEN","SHIROFUGEN CHERRY",2400,"E 27TH AV","RENFREW-COLLINGWOOD","EVEN",3,"30-40",30,"","{""coordinates"": [-123.05516000023091, 49.24622199900561], ""type"": ""Point""}","49.24622199900561, -123.05516000023091","PRUNUS SERRULATA",49.2462219990056,-123.055160000231,"Residential"
"130",27538,"renfrew","SR",5.91666666666667,12.9166666666667,3,3053,"E 27TH AV","PRUNUS","SERRULATA","KWANZAN","KWANZAN FLOWERING CHERRY",3000,"E 27TH AV","RENFREW-COLLINGWOOD","ODD",3,"30-40",23,"","{""coordinates"": [-123.04024600037427, 49.24628599911133], ""type"": ""Point""}","49.24628599911133, -123.04024600037427","PRUNUS SERRULATA",49.2462859991113,-123.040246000374,"Residential"
"131",37015,"renfrew","WR",15.9166666666667,4.08333333333333,1.75,2307,"E 39TH AV","ACER","PLATANOIDES","DRUMMONDII","SILVER VARIEGATED NORWAY MAPLE",5400,"NANAIMO ST","RENFREW-COLLINGWOOD","EVEN",4,"40-50",18,"","{""coordinates"": [-123.05871299946219, 49.23527399868391], ""type"": ""Point""}","49.23527399868391, -123.05871299946219","ACER PLATANOIDES",49.2352739986839,-123.058712999462,"Residential"
"132",37829,"renfrew","NR",2.33333333333333,16.75,2.5,2570,"E 40TH AV","PRUNUS","SERRULATA","KWANZAN","KWANZAN FLOWERING CHERRY",2500,"E 40TH AV","RENFREW-COLLINGWOOD","EVEN",3,"30-40",37,"","{""coordinates"": [-123.05407399941613, 49.23380799920422], ""type"": ""Point""}","49.23380799920422, -123.05407399941613","PRUNUS SERRULATA",49.2338079992042,-123.054073999416,"Residential"
"133",38536,"renfrew","SR",1.66666666666667,2.83333333333333,1.5,2735,"E 41ST AV","PRUNUS","SERRULATA","PINK PERFECTION","PINK PERFECTION CHERRY",2700,"E 41ST AV","RENFREW-COLLINGWOOD","ODD",3,"30-40",19,"","{""coordinates"": [-123.05049999997954, 49.232866999032034], ""type"": ""Point""}","49.232866999032034, -123.05049999997954","PRUNUS SERRULATA",49.232866999032,-123.05049999998,"Arterial"
"134",38537,"renfrew","SR",0,3.16666666666667,1.33333333333333,2735,"E 41ST AV","PRUNUS","SERRULATA","PINK PERFECTION","PINK PERFECTION CHERRY",2700,"E 41ST AV","RENFREW-COLLINGWOOD","ODD",3,"30-40",13.5,"","{""coordinates"": [-123.05038100012257, 49.232866998818665], ""type"": ""Point""}","49.232866998818665, -123.05038100012257","PRUNUS SERRULATA",49.2328669988187,-123.050381000123,"Arterial"
"135",38577,"renfrew","SR",4.55555555555556,5.88888888888889,1.66666666666667,2985,"E 41ST AV","CARPINUS","BETULUS","FASTIGIATA","PYRAMIDAL EUROPEAN HORNBEAM",2900,"E 41ST AV","RENFREW-COLLINGWOOD","ODD",2,"20-30",9,"1998-11-27","{""coordinates"": [-123.04356600050403, 49.23305599863623], ""type"": ""Point""}","49.23305599863623, -123.04356600050403","CARPINUS BETULUS",49.2330559986362,-123.043566000504,"Arterial"
"136",61118,"renfrew","ER",0,14.6666666666667,2,3633,"TANNER ST","ACER","RUBRUM","","RED MAPLE",4700,"BOUNDARY ROAD","RENFREW-COLLINGWOOD","ODD",4,"40-50",13,"","{""coordinates"": [-123.02382200016437, 49.242121998793785], ""type"": ""Point""}","49.242121998793785, -123.02382200016437","ACER RUBRUM",49.2421219987938,-123.023822000164,"Arterial"
"137",61129,"renfrew","ER",0.5,15,2.25,3693,"SCALES PLACE","ACER","RUBRUM","","RED MAPLE",4800,"BOUNDARY ROAD","RENFREW-COLLINGWOOD","ODD",3,"30-40",11,"","{""coordinates"": [-123.02380900010219, 49.240831998824035], ""type"": ""Point""}","49.240831998824035, -123.02380900010219","ACER RUBRUM",49.240831998824,-123.023809000102,"Arterial"
"138",61137,"renfrew","ER",0.583333333333333,10.1666666666667,2.16666666666667,4921,"BOUNDARY ROAD","ACER","RUBRUM","RED SUNSET","RED SUNSET RED MAPLE",4900,"BOUNDARY ROAD","RENFREW-COLLINGWOOD","ODD",3,"30-40",8.5,"","{""coordinates"": [-123.02374600016876, 49.239905999487604], ""type"": ""Point""}","49.239905999487604, -123.02374600016876","ACER RUBRUM",49.2399059994876,-123.023746000169,"Arterial"
"139",61724,"renfrew","NR",1.66666666666667,12.4166666666667,2.66666666666667,2602,"E BROADWAY","ACER","SACCHARUM","","SUGAR MAPLE",2600,"E BROADWAY","RENFREW-COLLINGWOOD","EVEN",3,"30-40",9.5,"","{""coordinates"": [-123.05029500060122, 49.26191599866879], ""type"": ""Point""}","49.26191599866879, -123.05029500060122","ACER SACCHARUM",49.2619159986688,-123.050295000601,"Arterial"
"140",61726,"renfrew","NR",1,8.5,2.25,2602,"E BROADWAY","ACER","SACCHARUM","","SUGAR MAPLE",2600,"E BROADWAY","RENFREW-COLLINGWOOD","EVEN",3,"30-40",8.5,"","{""coordinates"": [-123.05045400015004, 49.26191499924175], ""type"": ""Point""}","49.26191499924175, -123.05045400015004","ACER SACCHARUM",49.2619149992418,-123.05045400015,"Arterial"
"141",62547,"renfrew","WR",0.0833333333333333,4.75,1,2411,"BROCK ST","FAGUS","SYLVATICA","","EUROPEAN BEECH",4500,"NANAIMO ST","RENFREW-COLLINGWOOD","EVEN",4,"40-50",13,"","{""coordinates"": [-123.05650700036487, 49.2438309987711], ""type"": ""Point""}","49.2438309987711, -123.05650700036487","FAGUS SYLVATICA",49.2438309987711,-123.056507000365,"Arterial"
"142",66384,"renfrew","NR",0.833333333333333,15.25,2.5,5417,"CHAMBERS ST","FAGUS","SYLVATICA","","EUROPEAN BEECH",2500,"E 38TH AV","RENFREW-COLLINGWOOD","EVEN",2,"20-30",11,"1998-10-29","{""coordinates"": [-123.05321999940878, 49.23581399907182], ""type"": ""Point""}","49.23581399907182, -123.05321999940878","FAGUS SYLVATICA",49.2358139990718,-123.053219999409,"Residential"
"143",66929,"renfrew","ER",1.25,12.75,2.16666666666667,4835,"CHATHAM ST","CARPINUS","BETULUS","FASTIGIATA","PYRAMIDAL EUROPEAN HORNBEAM",4800,"CHATHAM ST","RENFREW-COLLINGWOOD","ODD",4,"40-50",18,"","{""coordinates"": [-123.03905899961892, 49.24090599915257], ""type"": ""Point""}","49.24090599915257, -123.03905899961892","CARPINUS BETULUS",49.2409059991526,-123.039058999619,"Residential"
"144",67207,"renfrew","Removed",NA,NA,NA,2776,"CHEYENNE AV","PRUNUS","CERASIFERA","ATROPURPUREA","PISSARD PLUM",2700,"CHEYENNE AV","RENFREW-COLLINGWOOD","EVEN",3,"30-40",21,"","{""coordinates"": [-123.04804299932323, 49.24113099882127], ""type"": ""Point""}","49.24113099882127, -123.04804299932323","PRUNUS CERASIFERA",49.2411309988213,-123.048042999323,"Residential"
"145",72784,"renfrew","WR",0.416666666666667,12.8333333333333,2.33333333333333,4720,"DUCHESS ST","CARPINUS","BETULUS","FASTIGIATA","PYRAMIDAL EUROPEAN HORNBEAM",4700,"DUCHESS ST","RENFREW-COLLINGWOOD","EVEN",4,"40-50",12,"","{""coordinates"": [-123.04910700060343, 49.2421889986775], ""type"": ""Point""}","49.2421889986775, -123.04910700060343","CARPINUS BETULUS",49.2421889986775,-123.049107000603,"Residential"
"146",72794,"renfrew","WR",0,8.66666666666667,2.08333333333333,4826,"DUCHESS ST","CARPINUS","BETULUS","FASTIGIATA","PYRAMIDAL EUROPEAN HORNBEAM",4800,"DUCHESS ST","RENFREW-COLLINGWOOD","EVEN",4,"40-50",23.5,"","{""coordinates"": [-123.05043300048847, 49.24095799931023], ""type"": ""Point""}","49.24095799931023, -123.05043300048847","CARPINUS BETULUS",49.2409579993102,-123.050433000488,"Residential"
"147",72797,"renfrew","NR",4.83333333333333,11.9166666666667,2.5,4848,"DUCHESS ST","CARPINUS","BETULUS","FASTIGIATA","PYRAMIDAL EUROPEAN HORNBEAM",4800,"DUCHESS ST","RENFREW-COLLINGWOOD","EVEN",4,"40-50",20.5,"","{""coordinates"": [-123.05079399976348, 49.24084399919739], ""type"": ""Point""}","49.24084399919739, -123.05079399976348","CARPINUS BETULUS",49.2408439991974,-123.050793999763,"Residential"
"148",75524,"renfrew","WR",0.916666666666667,18.5833333333333,2.5,2977,"EUCLID AV","CARPINUS","BETULUS","","EUROPEAN HORNBEAM",4800,"FAIRMONT ST","RENFREW-COLLINGWOOD","EVEN",3,"30-40",15.5,"","{""coordinates"": [-123.04324099977043, 49.24048099925895], ""type"": ""Point""}","49.24048099925895, -123.04324099977043","CARPINUS BETULUS",49.240480999259,-123.04324099977,"Residential"
"149",75529,"renfrew","ER",11.5833333333333,3.75,2.08333333333333,3028,"EUCLID AV","ACER","PLATANOIDES","","NORWAY MAPLE",5000,"MANOR ST","RENFREW-COLLINGWOOD","ODD",4,"40-50",21,"","{""coordinates"": [-123.04167200055461, 49.23956099931367], ""type"": ""Point""}","49.23956099931367, -123.04167200055461","ACER PLATANOIDES",49.2395609993137,-123.041672000555,"Residential"
"150",75572,"renfrew","WR",18.1666666666667,4.08333333333333,2.25,4736,"FAIRMONT ST","CARPINUS","BETULUS","","EUROPEAN HORNBEAM",4700,"FAIRMONT ST","RENFREW-COLLINGWOOD","EVEN",4,"40-50",17,"","{""coordinates"": [-123.04198400012716, 49.24178599927803], ""type"": ""Point""}","49.24178599927803, -123.04198400012716","CARPINUS BETULUS",49.241785999278,-123.041984000127,"Residential"
"151",79432,"renfrew","ER",0,13.4166666666667,1.33333333333333,4635,"GOTHARD ST","CARPINUS","CAROLINIANA","","AMERICAN HORNBEAM",4600,"GOTHARD ST","RENFREW-COLLINGWOOD","ODD",4,"40-50",19.5,"","{""coordinates"": [-123.05248500043061, 49.24324999932019], ""type"": ""Point""}","49.24324999932019, -123.05248500043061","CARPINUS CAROLINIANA",49.2432499993202,-123.052485000431,"Residential"
"152",79585,"renfrew","NR",0,0.916666666666667,0.333333333333333,3378,"GRANDVIEW HIGHWAY","ACER","RUBRUM","","RED MAPLE",3300,"GRANDVIEW HIGHWAY","RENFREW-COLLINGWOOD","EVEN",4,"40-50",23.5,"","{""coordinates"": [-123.03061099986138, 49.25801399875157], ""type"": ""Point""}","49.25801399875157, -123.03061099986138","ACER RUBRUM",49.2580139987516,-123.030610999861,"Arterial"
"153",79590,"renfrew","NR",9.75,1.66666666666667,1.33333333333333,3378,"GRANDVIEW HIGHWAY","ACER","RUBRUM","","RED MAPLE",3300,"GRANDVIEW HIGHWAY","RENFREW-COLLINGWOOD","EVEN",4,"40-50",28.5,"","{""coordinates"": [-123.03192799976138, 49.25801699932683], ""type"": ""Point""}","49.25801699932683, -123.03192799976138","ACER RUBRUM",49.2580169993268,-123.031927999761,"Arterial"
"154",83688,"renfrew","SR",0,7.16666666666667,0.75,2679,"HORLEY ST","FAGUS","SYLVATICA","DAWYCKII GOLD","GOLDEN DAWYCK BEECH",2600,"HORLEY ST","RENFREW-COLLINGWOOD","ODD",2,"20-30",10,"2001-11-21","{""coordinates"": [-123.04996800047904, 49.24105599941293], ""type"": ""Point""}","49.24105599941293, -123.04996800047904","FAGUS SYLVATICA",49.2410559994129,-123.049968000479,"Residential"
"155",85645,"renfrew","SR",0,11.1666666666667,1.75,3177,"IVANHOE ST","CARPINUS","BETULUS","","EUROPEAN HORNBEAM",3100,"IVANHOE ST","RENFREW-COLLINGWOOD","ODD",3,"30-40",11,"","{""coordinates"": [-123.03871599981771, 49.234591998996294], ""type"": ""Point""}","49.234591998996294, -123.03871599981771","CARPINUS BETULUS",49.2345919989963,-123.038715999818,"Residential"
"156",88920,"renfrew","WR",1.91666666666667,7.33333333333333,1.41666666666667,2768,"KINGSWAY","FAGUS","SYLVATICA","FASTIGIATA","PYRAMIDAL BEECH",5200,"EARLES ST","RENFREW-COLLINGWOOD","EVEN",4,"40-50",17,"","{""coordinates"": [-123.04875099969793, 49.23720599879092], ""type"": ""Point""}","49.23720599879092, -123.04875099969793","FAGUS SYLVATICA",49.2372059987909,-123.048750999698,"Residential"
"157",88968,"renfrew","SR",6.25,5.66666666666667,2.08333333333333,2955,"KINGSWAY","PRUNUS","SARGENTII","RANCHO","RANCHO SARGENT CHERRY",2900,"KINGSWAY","RENFREW-COLLINGWOOD","ODD",2,"20-30",19,"","{""coordinates"": [-123.04364500066058, 49.236168998877396], ""type"": ""Point""}","49.236168998877396, -123.04364500066058","PRUNUS SARGENTII",49.2361689988774,-123.043645000661,"Arterial"
"158",88985,"renfrew","SR",0.222222222222222,5.33333333333333,1,3003,"KINGSWAY","PRUNUS","SARGENTII","RANCHO","RANCHO SARGENT CHERRY",3000,"KINGSWAY","RENFREW-COLLINGWOOD","ODD",1,"10-20",12,"","{""coordinates"": [-123.04148599944779, 49.23598499871596], ""type"": ""Point""}","49.23598499871596, -123.04148599944779","PRUNUS SARGENTII",49.235984998716,-123.041485999448,"Arterial"
"159",88988,"renfrew","SR",8.33333333333333,3.77777777777778,1.88888888888889,3003,"KINGSWAY","PRUNUS","SARGENTII","RANCHO","RANCHO SARGENT CHERRY",3000,"KINGSWAY","RENFREW-COLLINGWOOD","ODD",1,"10-20",23.5,"","{""coordinates"": [-123.04181299943866, 49.23601599898189], ""type"": ""Point""}","49.23601599898189, -123.04181299943866","PRUNUS SARGENTII",49.2360159989819,-123.041812999439,"Arterial"
"160",90862,"renfrew","ER",0,0.833333333333333,0.25,5675,"LANCASTER ST","ACER","CAMPESTRE","","HEDGE MAPLE",5600,"LANCASTER ST","RENFREW-COLLINGWOOD","ODD",4,"40-50",17,"","{""coordinates"": [-123.04179700046309, 49.23319999875525], ""type"": ""Point""}","49.23319999875525, -123.04179700046309","ACER CAMPESTRE",49.2331999987553,-123.041797000463,"Arterial"
"161",97662,"renfrew","NR",3.16666666666667,4.58333333333333,2,3542,"MONMOUTH AV","CARPINUS","BETULUS","","EUROPEAN HORNBEAM",3500,"MONMOUTH AV","RENFREW-COLLINGWOOD","EVEN",4,"40-50",17,"","{""coordinates"": [-123.0274949994994, 49.24010299949545], ""type"": ""Point""}","49.24010299949545, -123.0274949994994","CARPINUS BETULUS",49.2401029994954,-123.027494999499,"Residential"
"162",98649,"renfrew",NA,NA,NA,NA,2810,"NANAIMO ST","PRUNUS","SERRULATA","UKON","UKON JAPANESE CHERRY",2400,"E 12TH AV","RENFREW-COLLINGWOOD","EVEN",3,"30-40",27,"","{""coordinates"": [-123.05626999954514, 49.259099998748866], ""type"": ""Point""}","49.259099998748866, -123.05626999954514","PRUNUS SERRULATA",49.2590999987489,-123.056269999545,"Arterial"
"163",98768,"renfrew","WR",0.25,15.4166666666667,2.16666666666667,3820,"NANAIMO ST","FAGUS","SYLVATICA","","EUROPEAN BEECH",3800,"NANAIMO ST","RENFREW-COLLINGWOOD","EVEN",2,"20-30",12.5,"","{""coordinates"": [-123.05649499956213, 49.25034999908498], ""type"": ""Point""}","49.25034999908498, -123.05649499956213","FAGUS SYLVATICA",49.250349999085,-123.056494999562,"Arterial"
"164",98771,"renfrew","WR",0,4.5,1.33333333333333,3856,"NANAIMO ST","FAGUS","SYLVATICA","","EUROPEAN BEECH",3800,"NANAIMO ST","RENFREW-COLLINGWOOD","EVEN",2,"20-30",12.5,"","{""coordinates"": [-123.05649599968208, 49.25023299950094], ""type"": ""Point""}","49.25023299950094, -123.05649599968208","FAGUS SYLVATICA",49.2502329995009,-123.056495999682,"Arterial"
"165",98779,"renfrew","SR",0,14.0833333333333,1.83333333333333,3894,"NANAIMO ST","PRUNUS","SERRULATA","KWANZAN","KWANZAN FLOWERING CHERRY",2400,"E 23RD AV","RENFREW-COLLINGWOOD","ODD",2,"20-30",15,"","{""coordinates"": [-123.05621399971272, 49.24975299889667], ""type"": ""Point""}","49.24975299889667, -123.05621399971272","PRUNUS SERRULATA",49.2497529988967,-123.056213999713,"Residential"
"166",98786,"renfrew","WR",0,5.25,1.25,3918,"NANAIMO ST","FAGUS","SYLVATICA","","EUROPEAN BEECH",3900,"NANAIMO ST","RENFREW-COLLINGWOOD","EVEN",4,"40-50",13.8,"","{""coordinates"": [-123.05649000018798, 49.24944999950387], ""type"": ""Point""}","49.24944999950387, -123.05649000018798","FAGUS SYLVATICA",49.2494499995039,-123.056490000188,"Arterial"
"167",98790,"renfrew","WR",0,14.5833333333333,1.66666666666667,3928,"NANAIMO ST","FAGUS","SYLVATICA","","EUROPEAN BEECH",3900,"NANAIMO ST","RENFREW-COLLINGWOOD","EVEN",4,"40-50",18.5,"","{""coordinates"": [-123.0564870003721, 49.24933899897493], ""type"": ""Point""}","49.24933899897493, -123.0564870003721","FAGUS SYLVATICA",49.2493389989749,-123.056487000372,"Arterial"
"168",98816,"renfrew","WR",0,13.3333333333333,1.91666666666667,4210,"NANAIMO ST","FAGUS","SYLVATICA","","EUROPEAN BEECH",4200,"NANAIMO ST","RENFREW-COLLINGWOOD","EVEN",4,"40-50",16,"","{""coordinates"": [-123.05650200023645, 49.24684699937619], ""type"": ""Point""}","49.24684699937619, -123.05650200023645","FAGUS SYLVATICA",49.2468469993762,-123.056502000236,"Arterial"
"169",98818,"renfrew","WR",0.0833333333333333,10.0833333333333,1.58333333333333,4216,"NANAIMO ST","FAGUS","SYLVATICA","","EUROPEAN BEECH",4200,"NANAIMO ST","RENFREW-COLLINGWOOD","EVEN",4,"40-50",18,"","{""coordinates"": [-123.05650100060174, 49.24674399907686], ""type"": ""Point""}","49.24674399907686, -123.05650100060174","FAGUS SYLVATICA",49.2467439990769,-123.056501000602,"Arterial"
"170",98821,"renfrew","WR",0,11.25,1.83333333333333,4252,"NANAIMO ST","FAGUS","SYLVATICA","","EUROPEAN BEECH",4200,"NANAIMO ST","RENFREW-COLLINGWOOD","EVEN",4,"40-50",18,"","{""coordinates"": [-123.05650500003921, 49.246632998671004], ""type"": ""Point""}","49.246632998671004, -123.05650500003921","FAGUS SYLVATICA",49.246632998671,-123.056505000039,"Arterial"
"171",98822,"renfrew","WR",0,11.9166666666667,1.25,4290,"NANAIMO ST","FAGUS","SYLVATICA","","EUROPEAN BEECH",4200,"NANAIMO ST","RENFREW-COLLINGWOOD","EVEN",4,"40-50",19.5,"","{""coordinates"": [-123.05650200044343, 49.246385999187545], ""type"": ""Point""}","49.246385999187545, -123.05650200044343","FAGUS SYLVATICA",49.2463859991875,-123.056502000443,"Arterial"
"172",98831,"renfrew","WR",0,9.33333333333333,1.72727272727273,4384,"NANAIMO ST","FAGUS","SYLVATICA","","EUROPEAN BEECH",4300,"NANAIMO ST","RENFREW-COLLINGWOOD","EVEN",4,"40-50",16,"","{""coordinates"": [-123.05650899999031, 49.245657999055425], ""type"": ""Point""}","49.245657999055425, -123.05650899999031","FAGUS SYLVATICA",49.2456579990554,-123.05650899999,"Arterial"
"173",98842,"renfrew","WR",0,3.25,0.833333333333333,4436,"NANAIMO ST","FAGUS","SYLVATICA","","EUROPEAN BEECH",4400,"NANAIMO ST","RENFREW-COLLINGWOOD","EVEN",4,"40-50",14,"","{""coordinates"": [-123.0565090004663, 49.24517199921919], ""type"": ""Point""}","49.24517199921919, -123.0565090004663","FAGUS SYLVATICA",49.2451719992192,-123.056509000466,"Arterial"
"174",98851,"renfrew","Removed",NA,NA,NA,4488,"NANAIMO ST","FAGUS","SYLVATICA","","EUROPEAN BEECH",4400,"NANAIMO ST","RENFREW-COLLINGWOOD","EVEN",4,"40-50",14,"","{""coordinates"": [-123.05651300064464, 49.2448859992129], ""type"": ""Point""}","49.2448859992129, -123.05651300064464","FAGUS SYLVATICA",49.2448859992129,-123.056513000645,"Arterial"
"175",98855,"renfrew","WR",0.0833333333333333,0.583333333333333,0.416666666666667,4508,"NANAIMO ST","FAGUS","SYLVATICA","","EUROPEAN BEECH",4500,"NANAIMO ST","RENFREW-COLLINGWOOD","EVEN",4,"40-50",11,"","{""coordinates"": [-123.05650600059398, 49.24442499869293], ""type"": ""Point""}","49.24442499869293, -123.05650600059398","FAGUS SYLVATICA",49.2444249986929,-123.056506000594,"Arterial"
"176",98856,"renfrew","WR",0.0833333333333333,3.66666666666667,1.5,4514,"NANAIMO ST","FAGUS","SYLVATICA","","EUROPEAN BEECH",4500,"NANAIMO ST","RENFREW-COLLINGWOOD","EVEN",4,"40-50",13.5,"","{""coordinates"": [-123.0565050004927, 49.244335999433005], ""type"": ""Point""}","49.244335999433005, -123.0565050004927","FAGUS SYLVATICA",49.244335999433,-123.056505000493,"Arterial"
"177",98857,"renfrew","WR",0,4.75,1.41666666666667,4518,"NANAIMO ST","FAGUS","SYLVATICA","","EUROPEAN BEECH",4500,"NANAIMO ST","RENFREW-COLLINGWOOD","EVEN",3,"30-40",10.5,"","{""coordinates"": [-123.05650299931574, 49.244232998679045], ""type"": ""Point""}","49.244232998679045, -123.05650299931574","FAGUS SYLVATICA",49.244232998679,-123.056502999316,"Arterial"
"178",100415,"renfrew","WR",0,14.25,2,2601,"NOOTKA ST","CARPINUS","BETULUS","","EUROPEAN HORNBEAM",2600,"NOOTKA ST","RENFREW-COLLINGWOOD","ODD",3,"30-40",18,"","{""coordinates"": [-123.0402419993672, 49.26035599910743], ""type"": ""Point""}","49.26035599910743, -123.0402419993672","CARPINUS BETULUS",49.2603559991074,-123.040241999367,"Residential"
"179",107521,"renfrew","ER",0,14.6666666666667,1.91666666666667,4621,"RAVINE ST","PRUNUS","CERASIFERA","ATROPURPUREA","PISSARD PLUM",4600,"RAVINE ST","RENFREW-COLLINGWOOD","ODD",3,"30-40",22,"","{""coordinates"": [-123.04668200041539, 49.24285299886773], ""type"": ""Point""}","49.24285299886773, -123.04668200041539","PRUNUS CERASIFERA",49.2428529988677,-123.046682000415,"Residential"
"180",107898,"renfrew","WR",12,7.83333333333333,2.41666666666667,3196,"RENFREW ST","ACER","PLATANOIDES","","NORWAY MAPLE",3100,"RENFREW ST","RENFREW-COLLINGWOOD","EVEN",3,"30-40",12,"","{""coordinates"": [-123.04420399937176, 49.255543999481866], ""type"": ""Point""}","49.255543999481866, -123.04420399937176","ACER PLATANOIDES",49.2555439994819,-123.044203999372,"Residential"
"181",107939,"renfrew","SR",0.916666666666667,10.9166666666667,2.41666666666667,3591,"RENFREW ST","PRUNUS","SERRULATA","KWANZAN","KWANZAN FLOWERING CHERRY",2800,"E 20TH AV","RENFREW-COLLINGWOOD","ODD",3,"30-40",15,"","{""coordinates"": [-123.0446499993954, 49.25239399906243], ""type"": ""Point""}","49.25239399906243, -123.0446499993954","PRUNUS SERRULATA",49.2523939990624,-123.044649999395,"Residential"
"182",108046,"renfrew","ER",9.25,5.91666666666667,2.25,5263,"RHODES ST","CARPINUS","BETULUS","FASTIGIATA","PYRAMIDAL EUROPEAN HORNBEAM",5200,"RHODES ST","RENFREW-COLLINGWOOD","ODD",4,"40-50",24,"","{""coordinates"": [-123.05049100037873, 49.23702499928225], ""type"": ""Point""}","49.23702499928225, -123.05049100037873","CARPINUS BETULUS",49.2370249992822,-123.050491000379,"Residential"
"183",111586,"renfrew","ER",0.833333333333333,4.83333333333333,1.58333333333333,5531,"SLOCAN ST","ACER","GINNALA","","AMUR MAPLE",5500,"SLOCAN ST","RENFREW-COLLINGWOOD","ODD",3,"30-40",14,"","{""coordinates"": [-123.05433899996423, 49.23463099872941], ""type"": ""Point""}","49.23463099872941, -123.05433899996423","ACER GINNALA",49.2346309987294,-123.054338999964,"Residential"
"184",111587,"renfrew","ER",0.666666666666667,16.6666666666667,1.91666666666667,5551,"SLOCAN ST","ACER","DAVIDII","","PERE DAVIDS MAPLE",5500,"SLOCAN ST","RENFREW-COLLINGWOOD","ODD",4,"40-50",13,"","{""coordinates"": [-123.05433899937583, 49.23451399931533], ""type"": ""Point""}","49.23451399931533, -123.05433899937583","ACER DAVIDII",49.2345139993153,-123.054338999376,"Residential"
"185",112265,"renfrew","WR",0,16.0833333333333,0.833333333333333,4928,"SPENCER ST","PRUNUS","SERRULATA","KWANZAN","KWANZAN FLOWERING CHERRY",4900,"SPENCER ST","RENFREW-COLLINGWOOD","EVEN",2,"20-30",15.75,"","{""coordinates"": [-123.03690299970583, 49.23990799881976], ""type"": ""Point""}","49.23990799881976, -123.03690299970583","PRUNUS SERRULATA",49.2399079988198,-123.036902999706,"Residential"
"186",112266,"renfrew","NA Cut",NA,NA,NA,4928,"SPENCER ST","PRUNUS","SUBHIRTELLA","WHITCOMBE","WHITCOMB CHERRY",3200,"CLIVE AV","RENFREW-COLLINGWOOD","ODD",2,"20-30",28,"","{""coordinates"": [-123.03672100036644, 49.23972199924387], ""type"": ""Point""}","49.23972199924387, -123.03672100036644","PRUNUS SUBHIRTELLA",49.2397219992439,-123.036721000366,"Residential"
"187",113915,"renfrew","WR",0,8.58333333333333,1.33333333333333,4624,"TODD ST","FAGUS","SYLVATICA","","EUROPEAN BEECH",4600,"TODD ST","RENFREW-COLLINGWOOD","EVEN",4,"40-50",23.5,"","{""coordinates"": [-123.04568699970176, 49.24235299879982], ""type"": ""Point""}","49.24235299879982, -123.04568699970176","FAGUS SYLVATICA",49.2423529987998,-123.045686999702,"Residential"
"188",118681,"renfrew","NR",0.5,17.9166666666667,2.91666666666667,3180,"WELLINGTON AV","PRUNUS","X YEDOENSIS","YOSHINO","YOSHINO CHERRY",3100,"WELLINGTON AV","RENFREW-COLLINGWOOD","EVEN",3,"30-40",25,"","{""coordinates"": [-123.0386289995618, 49.24348599944172], ""type"": ""Point""}","49.24348599944172, -123.0386289995618","PRUNUS X YEDOENSIS",49.2434859994417,-123.038628999562,"Residential"
"189",121806,"renfrew","ER",0,8.83333333333333,1.5,5075,"BOUNDARY ROAD","ACER","RUBRUM","RED SUNSET","RED SUNSET RED MAPLE",5000,"BOUNDARY ROAD","RENFREW-COLLINGWOOD","ODD",3,"30-40",10,"1989-11-29","{""coordinates"": [-123.0236710002838, 49.23856399943841], ""type"": ""Point""}","49.23856399943841, -123.0236710002838","ACER RUBRUM",49.2385639994384,-123.023671000284,"Arterial"
"190",123771,"renfrew","WR",0.5,12,2,2406,"E 11TH AV","PRUNUS","SUBHIRTELLA","AUTUMNALIS","AUTUMN HIGAN CHERRY",2700,"NANAIMO ST","RENFREW-COLLINGWOOD","EVEN",2,"20-30",10,"","{""coordinates"": [-123.05645300063505, 49.25970599869435], ""type"": ""Point""}","49.25970599869435, -123.05645300063505","PRUNUS SUBHIRTELLA",49.2597059986944,-123.056453000635,"Arterial"
"191",129030,"renfrew","WR",0,7.25,0.916666666666667,3838,"KAMLOOPS ST","ACER","FREEMANII   X","MORGAN","MORGAN RED MAPLE",3800,"KAMLOOPS ST","RENFREW-COLLINGWOOD","EVEN",4,"40-50",11,"1992-01-21","{""coordinates"": [-123.05449800053714, 49.250463998643895], ""type"": ""Point""}","49.250463998643895, -123.05449800053714","ACER FREEMANII   X",49.2504639986439,-123.054498000537,"Residential"
"192",131757,"renfrew","WR",0,9.66666666666667,1.83333333333333,2703,"CHEYENNE AV","CARPINUS","BETULUS","FASTIGIATA","PYRAMIDAL EUROPEAN HORNBEAM",4700,"DUCHESS ST","RENFREW-COLLINGWOOD","EVEN",4,"40-50",30,"","{""coordinates"": [-123.04930200058303, 49.24198899916168], ""type"": ""Point""}","49.24198899916168, -123.04930200058303","CARPINUS BETULUS",49.2419889991617,-123.049302000583,"Residential"
"193",134208,"renfrew","WR",0,7.33333333333333,0.916666666666667,3314,"SLOCAN ST","CARPINUS","BETULUS","FASTIGIATA","PYRAMIDAL EUROPEAN HORNBEAM",3300,"SLOCAN ST","RENFREW-COLLINGWOOD","EVEN",3,"30-40",10,"1992-12-18","{""coordinates"": [-123.04946899996447, 49.25486399904273], ""type"": ""Point""}","49.25486399904273, -123.04946899996447","CARPINUS BETULUS",49.2548639990427,-123.049468999964,"Residential"
"194",146182,"renfrew","NR",0.666666666666667,8,2.41666666666667,3518,"MONMOUTH AV","CARPINUS","BETULUS","","EUROPEAN HORNBEAM",3500,"MONMOUTH AV","RENFREW-COLLINGWOOD","EVEN",2,"20-30",10.5,"","{""coordinates"": [-123.02804800014111, 49.240332998992265], ""type"": ""Point""}","49.240332998992265, -123.02804800014111","CARPINUS BETULUS",49.2403329989923,-123.028048000141,"Residential"
"195",146424,"renfrew","ER",0,5.25,1.25,2501,"LILLOOET ST","PRUNUS","SERRULATA","","JAPANESE FLOWERING CHERRY",2500,"LILLOOET ST","RENFREW-COLLINGWOOD","ODD",2,"20-30",19,"","{""coordinates"": [-123.03805000009321, 49.26172499927726], ""type"": ""Point""}","49.26172499927726, -123.03805000009321","PRUNUS SERRULATA",49.2617249992773,-123.038050000093,"Arterial"
"196",147271,"renfrew","SR",NA,NA,NA,3543,"E 25TH AV","PRUNUS","CERASIFERA","ATROPURPUREA","PISSARD PLUM",3500,"E 25TH AV","RENFREW-COLLINGWOOD","ODD",2,"20-30",12,"","{""coordinates"": [-123.02742500055237, 49.247943999241855], ""type"": ""Point""}","49.247943999241855, -123.02742500055237","PRUNUS CERASIFERA",49.2479439992419,-123.027425000552,"Residential"
"197",147935,"renfrew","ER",3.41666666666667,7.58333333333333,2.5,2735,"E 41ST AV","PRUNUS","SERRULATA","","JAPANESE FLOWERING CHERRY",5600,"RHODES ST","RENFREW-COLLINGWOOD","ODD",1,"10-20",15,"","{""coordinates"": [-123.05031200006475, 49.232930998626685], ""type"": ""Point""}","49.232930998626685, -123.05031200006475","PRUNUS SERRULATA",49.2329309986267,-123.050312000065,"Arterial"
"198",150194,"renfrew","NR",17.1666666666667,3.83333333333333,2.41666666666667,3200,"E BROADWAY","ACER","CAMPESTRE","","HEDGE MAPLE",3200,"E BROADWAY","RENFREW-COLLINGWOOD","EVEN",2,"20-30",14,"1994-01-27","{""coordinates"": [-123.03722300041176, 49.26180599885108], ""type"": ""Point""}","49.26180599885108, -123.03722300041176","ACER CAMPESTRE",49.2618059988511,-123.037223000412,"Arterial"
"199",152428,"renfrew","SR",0,17.0833333333333,2.41666666666667,3295,"E 27TH AV","FAGUS","SYLVATICA","","EUROPEAN BEECH",3200,"E 27TH AV","RENFREW-COLLINGWOOD","ODD",4,"40-50",15,"","{""coordinates"": [-123.03435500055403, 49.246313998965505], ""type"": ""Point""}","49.246313998965505, -123.03435500055403","FAGUS SYLVATICA",49.2463139989655,-123.034355000554,"Residential"
"200",154665,"renfrew","NR",5.75,3.25,1.41666666666667,2848,"EUCLID AV","ACER","PALMATUM","","JAPANESE MAPLE",2800,"EUCLID AV","RENFREW-COLLINGWOOD","EVEN",2,"20-30",8.5,"1996-02-21","{""coordinates"": [-123.04726999956401, 49.241874999058304], ""type"": ""Point""}","49.241874999058304, -123.04726999956401","ACER PALMATUM",49.2418749990583,-123.047269999564,"Residential"
"201",156305,"renfrew","WR",11.0833333333333,4.75,1.58333333333333,4799,"GOTHARD ST","ACER","PLATANOIDES","GLOBOSUM","GLOBEHEAD NORWAY MAPLE",4700,"CLARENDON ST","RENFREW-COLLINGWOOD","EVEN",2,"20-30",10,"1994-11-08","{""coordinates"": [-123.0544360000358, 49.241563998871285], ""type"": ""Point""}","49.241563998871285, -123.0544360000358","ACER PLATANOIDES",49.2415639988713,-123.054436000036,"Residential"
"202",156795,"renfrew","SR",4.44444444444444,14.3333333333333,3.55555555555556,5695,"LANCASTER ST","CARPINUS","BETULUS","FASTIGIATA","PYRAMIDAL EUROPEAN HORNBEAM",3000,"E 41ST AV","RENFREW-COLLINGWOOD","ODD",2,"20-30",17,"1994-12-14","{""coordinates"": [-123.04209700030843, 49.23304999924406], ""type"": ""Point""}","49.23304999924406, -123.04209700030843","CARPINUS BETULUS",49.2330499992441,-123.042097000308,"Arterial"
"203",157041,"renfrew","SR",6.33333333333333,7.66666666666667,2.11111111111111,2555,"E 41ST AV","CARPINUS","BETULUS","FASTIGIATA","PYRAMIDAL EUROPEAN HORNBEAM",2500,"E 41ST AV","RENFREW-COLLINGWOOD","ODD",2,"20-30",9,"1994-12-08","{""coordinates"": [-123.05453699967589, 49.23288599943654], ""type"": ""Point""}","49.23288599943654, -123.05453699967589","CARPINUS BETULUS",49.2328859994365,-123.054536999676,"Arterial"
"204",157044,"renfrew","SR",2.11111111111111,9.88888888888889,1.77777777777778,2587,"E 41ST AV","CARPINUS","BETULUS","FASTIGIATA","PYRAMIDAL EUROPEAN HORNBEAM",2500,"E 41ST AV","RENFREW-COLLINGWOOD","ODD",2,"20-30",9.5,"1994-12-08","{""coordinates"": [-123.05368900061332, 49.23288099950653], ""type"": ""Point""}","49.23288099950653, -123.05368900061332","CARPINUS BETULUS",49.2328809995065,-123.053689000613,"Arterial"
"205",157046,"renfrew","SR",0,10.1111111111111,1.33333333333333,2635,"E 41ST AV","CARPINUS","BETULUS","FASTIGIATA","PYRAMIDAL EUROPEAN HORNBEAM",2600,"E 41ST AV","RENFREW-COLLINGWOOD","ODD",2,"20-30",10.5,"1994-12-08","{""coordinates"": [-123.05265799932873, 49.23286899944948], ""type"": ""Point""}","49.23286899944948, -123.05265799932873","CARPINUS BETULUS",49.2328689994495,-123.052657999329,"Arterial"
"206",157048,"renfrew","SR",5.5,13,3,2775,"E 41ST AV","CARPINUS","BETULUS","FASTIGIATA","PYRAMIDAL EUROPEAN HORNBEAM",2700,"E 41ST AV","RENFREW-COLLINGWOOD","ODD",2,"20-30",9.5,"1994-12-08","{""coordinates"": [-123.0496760006076, 49.232863999273654], ""type"": ""Point""}","49.232863999273654, -123.0496760006076","CARPINUS BETULUS",49.2328639992736,-123.049676000608,"Arterial"
"207",157055,"renfrew","SR",2.55555555555556,14.2222222222222,3,2589,"E 41ST AV","ACER","FREEMANII   X","SCARLET SENTINEL","FREEMAN'S S.S. MAPLE",2500,"E 41ST AV","RENFREW-COLLINGWOOD","ODD",2,"20-30",10,"1994-12-08","{""coordinates"": [-123.05347700001525, 49.23287799897519], ""type"": ""Point""}","49.23287799897519, -123.05347700001525","ACER FREEMANII   X",49.2328779989752,-123.053477000015,"Arterial"
"208",157097,"renfrew","Tree cage",NA,NA,NA,2395,"E 41ST AV","CARPINUS","BETULUS","FASTIGIATA","PYRAMIDAL EUROPEAN HORNBEAM",2300,"E 41ST AV","RENFREW-COLLINGWOOD","ODD",3,"30-40",8.5,"1994-12-07","{""coordinates"": [-123.05725500049427, 49.2329109990261], ""type"": ""Point""}","49.2329109990261, -123.05725500049427","CARPINUS BETULUS",49.2329109990261,-123.057255000494,"Arterial"
"209",157098,"renfrew","SR",0,6.66666666666667,1.44444444444444,2421,"E 41ST AV","CARPINUS","BETULUS","FASTIGIATA","PYRAMIDAL EUROPEAN HORNBEAM",2400,"E 41ST AV","RENFREW-COLLINGWOOD","ODD",2,"20-30",12,"1994-12-07","{""coordinates"": [-123.05686800025974, 49.232907998667486], ""type"": ""Point""}","49.232907998667486, -123.05686800025974","CARPINUS BETULUS",49.2329079986675,-123.05686800026,"Arterial"
"210",158213,"renfrew","SR",2.44444444444444,10.6666666666667,3,5680,"LANCASTER ST","CARPINUS","SPECIES","","HORNBEAM SPECIES",3000,"E 41ST AV","RENFREW-COLLINGWOOD","ODD",2,"20-30",14,"1995-01-11","{""coordinates"": [-123.04111900007882, 49.233043999047226], ""type"": ""Point""}","49.233043999047226, -123.04111900007882","CARPINUS SPECIES",49.2330439990472,-123.041119000079,"Arterial"
"211",161077,"renfrew","SR",1.33333333333333,5.66666666666667,1,3003,"KINGSWAY","PRUNUS","SARGENTII","RANCHO","RANCHO SARGENT CHERRY",3000,"KINGSWAY","RENFREW-COLLINGWOOD","ODD",2,"20-30",14,"1999-03-26","{""coordinates"": [-123.0417010001312, 49.23600399932649], ""type"": ""Point""}","49.23600399932649, -123.0417010001312","PRUNUS SARGENTII",49.2360039993265,-123.041701000131,"Arterial"
"212",163920,"renfrew","NR",0.833333333333333,5.58333333333333,2.16666666666667,3420,"CHERRY ST","FAGUS","SYLVATICA","ATROPUNICEA","PURPLE BEECH",3400,"CHERRY ST","RENFREW-COLLINGWOOD","EVEN",4,"40-50",21,"1995-10-17","{""coordinates"": [-123.03223900059471, 49.234438999057495], ""type"": ""Point""}","49.234438999057495, -123.03223900059471","FAGUS SYLVATICA",49.2344389990575,-123.032239000595,"Residential"
"213",163968,"renfrew","NR",2.41666666666667,4.83333333333333,1.91666666666667,3372,"CHERRY ST","FAGUS","SYLVATICA","ATROPUNICEA","PURPLE BEECH",3300,"CHERRY ST","RENFREW-COLLINGWOOD","EVEN",4,"40-50",22,"1995-10-18","{""coordinates"": [-123.03301400067926, 49.23475099898617], ""type"": ""Point""}","49.23475099898617, -123.03301400067926","FAGUS SYLVATICA",49.2347509989862,-123.033014000679,"Residential"
"214",165414,"renfrew","SR",6.41666666666667,3.66666666666667,2,3459,"ARCHIMEDES ST","CARPINUS","BETULUS","FASTIGIATA","PYRAMIDAL EUROPEAN HORNBEAM",3400,"ARCHIMEDES ST","RENFREW-COLLINGWOOD","ODD",3,"30-40",10.5,"1995-12-13","{""coordinates"": [-123.03141999951991, 49.234725998659115], ""type"": ""Point""}","49.234725998659115, -123.03141999951991","CARPINUS BETULUS",49.2347259986591,-123.03141999952,"Residential"
"215",166808,"renfrew","SR",5,19.0833333333333,3.16666666666667,3019,"EUCLID AV","ACER","RUBRUM","BOWHALL","BOWHALL RED MAPLE",3000,"EUCLID AV","RENFREW-COLLINGWOOD","ODD",4,"40-50",13,"1996-02-23","{""coordinates"": [-123.04186299978366, 49.23982499906617], ""type"": ""Point""}","49.23982499906617, -123.04186299978366","ACER RUBRUM",49.2398249990662,-123.041862999784,"Residential"
"216",167113,"renfrew","WR",0.416666666666667,16.5833333333333,2.58333333333333,2508,"E 15TH AV","FAGUS","SYLVATICA","","EUROPEAN BEECH",3100,"COPLEY ST","RENFREW-COLLINGWOOD","EVEN",2,"20-30",20,"1996-03-06","{""coordinates"": [-123.05493000056757, 49.25646099910995], ""type"": ""Point""}","49.25646099910995, -123.05493000056757","FAGUS SYLVATICA",49.25646099911,-123.054930000568,"Residential"
"217",167479,"renfrew","WR",0.0833333333333333,16.5833333333333,2.83333333333333,3440,"COPLEY ST","FAGUS","SYLVATICA","","EUROPEAN BEECH",3400,"COPLEY ST","RENFREW-COLLINGWOOD","EVEN",2,"20-30",16,"1996-03-05","{""coordinates"": [-123.05586700043276, 49.253799999236854], ""type"": ""Point""}","49.253799999236854, -123.05586700043276","FAGUS SYLVATICA",49.2537999992368,-123.055867000433,"Residential"
"218",175679,"renfrew","WR",0.583333333333333,2.91666666666667,0.916666666666667,3440,"DIEPPE DRIVE","FAGUS","SYLVATICA","DAWYCKII GOLD","GOLDEN DAWYCK BEECH",3400,"DIEPPE DRIVE","RENFREW-COLLINGWOOD","EVEN",3,"30-40",12,"1998-01-30","{""coordinates"": [-123.02453499989156, 49.25365599921541], ""type"": ""Point""}","49.25365599921541, -123.02453499989156","FAGUS SYLVATICA",49.2536559992154,-123.024534999892,"Residential"
"219",175682,"renfrew","WR",0,2.58333333333333,0.916666666666667,3494,"DIEPPE DRIVE","FAGUS","SYLVATICA","DAWYCKII GOLD","GOLDEN DAWYCK BEECH",3400,"DIEPPE DRIVE","RENFREW-COLLINGWOOD","EVEN",3,"30-40",13,"1998-01-30","{""coordinates"": [-123.02453800016927, 49.25296099910045], ""type"": ""Point""}","49.25296099910045, -123.02453800016927","FAGUS SYLVATICA",49.2529609991005,-123.024538000169,"Residential"
"220",175724,"renfrew","ER",8.66666666666667,4.08333333333333,2.08333333333333,3505,"DIEPPE DRIVE","FAGUS","SYLVATICA","DAWYCKII","DAWYCK'S BEECH",3500,"DIEPPE DRIVE","RENFREW-COLLINGWOOD","ODD",3,"30-40",13,"1998-02-02","{""coordinates"": [-123.024694000403, 49.252810999343716], ""type"": ""Point""}","49.252810999343716, -123.024694000403","FAGUS SYLVATICA",49.2528109993437,-123.024694000403,"Residential"
"221",175796,"renfrew","ER",0.75,5.5,1.41666666666667,3405,"DIEPPE DRIVE","FAGUS","SYLVATICA","DAWYCKII","DAWYCK'S BEECH",3400,"DIEPPE DRIVE","RENFREW-COLLINGWOOD","ODD",3,"30-40",14,"1998-02-05","{""coordinates"": [-123.02469100053337, 49.25408099907809], ""type"": ""Point""}","49.25408099907809, -123.02469100053337","FAGUS SYLVATICA",49.2540809990781,-123.024691000533,"Residential"
"222",181756,"renfrew","SR",0.25,1.25,0.583333333333333,3675,"E 11TH AV","PRUNUS","X YEDOENSIS","AKEBONO","AKEBONO FLOWERING CHERRY",3600,"E 11TH AV","RENFREW-COLLINGWOOD","ODD",1,"10-20",12,"2000-01-05","{""coordinates"": [-123.02466699988892, 49.26017499900916], ""type"": ""Point""}","49.26017499900916, -123.02466699988892","PRUNUS X YEDOENSIS",49.2601749990092,-123.024666999889,"Arterial"
"223",181757,"renfrew","SR",8.41666666666667,0.916666666666667,1,3675,"E 11TH AV","PRUNUS","X YEDOENSIS","AKEBONO","AKEBONO FLOWERING CHERRY",3600,"E 11TH AV","RENFREW-COLLINGWOOD","ODD",1,"10-20",13.5,"2000-01-05","{""coordinates"": [-123.02453599939334, 49.26017499901776], ""type"": ""Point""}","49.26017499901776, -123.02453599939334","PRUNUS X YEDOENSIS",49.2601749990178,-123.024535999393,"Arterial"
"224",181758,"renfrew","SR",0.166666666666667,4,0.916666666666667,3675,"E 11TH AV","PRUNUS","X YEDOENSIS","AKEBONO","AKEBONO FLOWERING CHERRY",3600,"E 11TH AV","RENFREW-COLLINGWOOD","ODD",1,"10-20",11.5,"2000-01-05","{""coordinates"": [-123.02440500037696, 49.26017799877978], ""type"": ""Point""}","49.26017799877978, -123.02440500037696","PRUNUS X YEDOENSIS",49.2601779987798,-123.024405000377,"Arterial"
"225",181759,"renfrew","SR",5.33333333333333,5.66666666666667,1.58333333333333,3675,"E 11TH AV","PRUNUS","X YEDOENSIS","AKEBONO","AKEBONO FLOWERING CHERRY",3600,"E 11TH AV","RENFREW-COLLINGWOOD","ODD",3,"30-40",17.5,"2000-01-05","{""coordinates"": [-123.0241789995297, 49.26017799952134], ""type"": ""Point""}","49.26017799952134, -123.0241789995297","PRUNUS X YEDOENSIS",49.2601779995213,-123.02417899953,"Arterial"
"226",181760,"renfrew","SR",4.16666666666667,1.83333333333333,0.75,3675,"E 11TH AV","PRUNUS","X YEDOENSIS","AKEBONO","AKEBONO FLOWERING CHERRY",3600,"E 11TH AV","RENFREW-COLLINGWOOD","ODD",3,"30-40",20.5,"2000-01-05","{""coordinates"": [-123.02407399937857, 49.26018099886144], ""type"": ""Point""}","49.26018099886144, -123.02407399937857","PRUNUS X YEDOENSIS",49.2601809988614,-123.024073999379,"Arterial"
"227",184553,"renfrew","ER",0.25,6.08333333333333,1.33333333333333,5355,"BOUNDARY ROAD","ACER","RUBRUM","RED SUNSET","RED SUNSET RED MAPLE",5300,"BOUNDARY ROAD","RENFREW-COLLINGWOOD","ODD",3,"30-40",13.5,"","{""coordinates"": [-123.02367900036614, 49.23607099893861], ""type"": ""Point""}","49.23607099893861, -123.02367900036614","ACER RUBRUM",49.2360709989386,-123.023679000366,"Arterial"
"228",191758,"renfrew","NR",0.444444444444444,6.44444444444444,1.22222222222222,3410,"LOUGHEED HIGHWAY","CARPINUS","BETULUS","FASTIGIATA","PYRAMIDAL EUROPEAN HORNBEAM",3400,"LOUGHEED HIGHWAY","RENFREW-COLLINGWOOD","EVEN",3,"30-40",11,"2002-03-07","{""coordinates"": [-123.03061900011187, 49.26208899922539], ""type"": ""Point""}","49.26208899922539, -123.03061900011187","CARPINUS BETULUS",49.2620889992254,-123.030619000112,"Arterial"
"229",191761,"renfrew","NR",1.33333333333333,8.55555555555556,1.44444444444444,3432,"LOUGHEED HIGHWAY","CARPINUS","BETULUS","FASTIGIATA","PYRAMIDAL EUROPEAN HORNBEAM",3400,"LOUGHEED HIGHWAY","RENFREW-COLLINGWOOD","EVEN",3,"30-40",9,"2002-03-07","{""coordinates"": [-123.02987299979819, 49.26242199914476], ""type"": ""Point""}","49.26242199914476, -123.02987299979819","CARPINUS BETULUS",49.2624219991448,-123.029872999798,"Arterial"
"230",218895,"renfrew","NR",0.916666666666667,14.75,2.08333333333333,3334,"E BROADWAY","CARPINUS","BETULUS","FASTIGIATA","PYRAMIDAL EUROPEAN HORNBEAM",3300,"E BROADWAY","RENFREW-COLLINGWOOD","EVEN",3,"30-40",10,"2007-02-15","{""coordinates"": [-123.03249600032744, 49.2617779990148], ""type"": ""Point""}","49.2617779990148, -123.03249600032744","CARPINUS BETULUS",49.2617779990148,-123.032496000327,"Arterial"
"231",221256,"renfrew","NR",0,13.4166666666667,2,2772,"HORLEY ST","ACER","TRUNCATUM","PACIFIC SUNSET","PACIFIC SUNSET MAPLE",2700,"HORLEY ST","RENFREW-COLLINGWOOD","EVEN",1,"10-20",12,"2006-11-24","{""coordinates"": [-123.04816599932425, 49.24020599945103], ""type"": ""Point""}","49.24020599945103, -123.04816599932425","ACER TRUNCATUM",49.240205999451,-123.048165999324,"Residential"
"232",221258,"renfrew","NR",0,7.08333333333333,1,2738,"HORLEY ST","ACER","TRUNCATUM","PACIFIC SUNSET","PACIFIC SUNSET MAPLE",2700,"HORLEY ST","RENFREW-COLLINGWOOD","EVEN",1,"10-20",12,"2006-11-24","{""coordinates"": [-123.04888100061225, 49.24049199875351], ""type"": ""Point""}","49.24049199875351, -123.04888100061225","ACER TRUNCATUM",49.2404919987535,-123.048881000612,"Residential"
"233",223428,"renfrew","ER",0,2.5,0.666666666666667,2595,"E 28TH AV","FAGUS","SYLVATICA","DAWYCKII PURPLE","PURPLE DAWYCK BEECH",4300,"PENTICTON ST","RENFREW-COLLINGWOOD","ODD",3,"30-40",11,"2007-11-21","{""coordinates"": [-123.05212100012167, 49.24564399923733], ""type"": ""Point""}","49.24564399923733, -123.05212100012167","FAGUS SYLVATICA",49.2456439992373,-123.052121000122,"Residential"
"234",226758,"renfrew","SR",1.08333333333333,6.25,2.25,3205,"DIEPPE DRIVE","FAGUS","SYLVATICA","DAWYCKII GOLD","GOLDEN DAWYCK BEECH",3200,"DIEPPE DRIVE","RENFREW-COLLINGWOOD","ODD",3,"30-40",14,"2009-02-13","{""coordinates"": [-123.02585800066305, 49.25583599944127], ""type"": ""Point""}","49.25583599944127, -123.02585800066305","FAGUS SYLVATICA",49.2558359994413,-123.025858000663,"Residential"
"235",228044,"renfrew","ER",0,4.91666666666667,0.666666666666667,4641,"BOUNDARY ROAD","ACER","RUBRUM","AUTUMN FLAME","AUTUMN FLAME RED MAPLE",4600,"BOUNDARY ROAD","RENFREW-COLLINGWOOD","ODD",3,"30-40",8.5,"2009-11-23","{""coordinates"": [-123.02378099992376, 49.242802998847665], ""type"": ""Point""}","49.242802998847665, -123.02378099992376","ACER RUBRUM",49.2428029988477,-123.023780999924,"Arterial"
"236",245565,"renfrew","Median E/W",4.41666666666667,12.75,2.25,2323,"BOUNDARY ROAD","ACER","RUBRUM","","RED MAPLE",2300,"BOUNDARY ROAD","RENFREW-COLLINGWOOD","MED",3,"30-40",16,"2013-04-05","{""coordinates"": [-123.02365499946549, 49.26327899863226], ""type"": ""Point""}","49.26327899863226, -123.02365499946549","ACER RUBRUM",49.2632789986323,-123.023654999465,"Arterial"
"237",258656,"renfrew","NR",1.5,5.33333333333333,1.5,3410,"LOUGHEED HIGHWAY","CARPINUS","BETULUS","FASTIGIATA","PYRAMIDAL EUROPEAN HORNBEAM",3400,"LOUGHEED HIGHWAY","RENFREW-COLLINGWOOD","EVEN",3,"30-40",11,"2019-04-12","{""coordinates"": [-123.03078700042437, 49.26204399923924], ""type"": ""Point""}","49.26204399923924, -123.03078700042437","CARPINUS BETULUS",49.2620439992392,-123.030787000424,"Arterial"
"238",275326,"renfrew","ER",0.666666666666667,6.58333333333333,2.16666666666667,3683,"WELLINGTON AV","ACER","RUBRUM","RED SUNSET","RED SUNSET RED MAPLE",5000,"BOUNDARY ROAD","RENFREW-COLLINGWOOD","ODD",4,"40-50",12,"","{""coordinates"": [-123.02366600044634, 49.23804499920445], ""type"": ""Point""}","49.23804499920445, -123.02366600044634","ACER RUBRUM",49.2380449992044,-123.023666000446,"Arterial"
"239",280627,"renfrew","NR",2.41666666666667,9.5,2.16666666666667,3338,"E BROADWAY","CARPINUS","BETULUS","","EUROPEAN HORNBEAM",3300,"E BROADWAY","RENFREW-COLLINGWOOD","EVEN",3,"30-40",12,"","{""coordinates"": [-123.03237100019062, 49.261783998825564], ""type"": ""Point""}","49.261783998825564, -123.03237100019062","CARPINUS BETULUS",49.2617839988256,-123.032371000191,"Arterial"
"240",280628,"renfrew","NR",0.666666666666667,7.41666666666667,2.25,3344,"E BROADWAY","CARPINUS","BETULUS","","EUROPEAN HORNBEAM",3300,"E BROADWAY","RENFREW-COLLINGWOOD","EVEN",3,"30-40",13,"","{""coordinates"": [-123.03223400003789, 49.261789999151006], ""type"": ""Point""}","49.261789999151006, -123.03223400003789","CARPINUS BETULUS",49.261789999151,-123.032234000038,"Arterial"
